1,-0.561047971248627,0.0877993106842041-0.0551740005612373j
2,0.0335625186562538,0.148977562785149+0.00500194029882550j
3,0.333859831094742,0.131822168827057+0.0457216314971447j
4,0.055587325245142,0.118232555687428+0.00657900935038924j
5,-0.359194934368134,0.0987021327018738-0.0370610691606998j
6,-0.0439140982925892,0.0953841879963875-0.00419140513986349j
7,0.568578124046326,0.100630097091198+0.0642990469932556j
8,0.816220223903656,0.101741231977940+0.108214549720287j
9,0.152350798249245,0.126561164855957+0.0194322727620602j
10,-0.12066338956356,0.112012393772602-0.0135817741975188j
11,0.0649378299713135,0.116738535463810+0.00759142125025392j
12,0.301104038953781,0.123891077935696+0.0384739190340042j
13,-0.054784506559372,0.136441752314568-0.00748238107189536j
14,-0.951251268386841,0.0590358078479767-0.0827733501791954j
15,-3.02089858055115,-0.141380101442337-0.0171470660716295j
16,-1.24271535873413,0.0407948791980743-0.119850270450115j
17,0.20921403169632,0.144758090376854+0.0307351686060429j
18,-0.144000485539436,0.123195409774780-0.0178638454526663j
19,0.0878152847290039,0.149407297372818+0.0131540745496750j
20,-0.00499299960210919,0.143262982368469-0.000715317961294204j
21,-0.264234900474548,0.0786847397685051-0.0212890431284904j
22,0.772964417934418,0.0869938060641289+0.0848569422960281j
23,1.10919904708862,0.0841464474797249+0.169159069657326j
24,0.535914659500122,0.139508396387100+0.0828526243567467j
25,-0.420846104621887,0.126404583454132-0.0565771423280239j
26,0.232066050171852,0.165844455361366+0.0391929820179939j
27,-0.183582842350006,0.186397910118103-0.0346091426908970j
28,-0.777910232543945,0.134558096528053-0.132557913661003j
29,-0.897611975669861,0.124348409473896-0.155932471156120j
30,-0.70837390422821,0.101634971797466-0.0870712026953697j
31,0.0194440130144358,0.178542688488960+0.00347202410921454j
32,0.38111275434494,0.170060649514198+0.0681439042091370j
33,-0.97300797700882,0.0931756049394608-0.136842861771584j
34,-1.88388359546661,-0.0338948033750057-0.104699231684208j
35,-2.04591083526611,-0.0349434986710548-0.0679283514618874j
36,-1.60010731220245,-0.00272625917568803-0.0929847732186317j
37,-1.09241211414337,0.0395345054566860-0.0762391835451126j
38,-1.22321319580078,0.0373348258435726-0.103051736950874j
39,-0.696201205253601,0.112862549722195-0.0943322330713272j
40,-0.155995696783066,0.154022008180618-0.0242235809564590j
41,-0.782484412193298,0.0989371538162231-0.0983622670173645j
42,-1.00314950942993,0.0812931805849075-0.127488017082214j
43,-0.9083172082901,0.122684143483639-0.157270222902298j
44,-0.260523527860642,0.125393107533455-0.0334275700151920j
45,-0.974338412284851,0.0985543504357338-0.145157128572464j
46,-0.226630181074142,0.137678325176239-0.0317474640905857j
47,-1.22611498832703,0.0408751256763935-0.113854251801968j
48,-1.86092507839203,-0.0335062928497791-0.112228929996490j
49,-2.02691793441772,-0.0458171926438808-0.0933848619461060j
50,-1.46240329742432,0.0130544155836105-0.119963847100735j
51,-1.62068951129913,-0.00593647733330727-0.118884824216366j
52,-1.90466916561127,-0.0299141313880682-0.0862432047724724j
53,-1.95285606384277,-0.0399642027914524-0.0994621738791466j
54,-2.22555017471313,-0.0746733248233795-0.0972647443413734j
55,-2.12429523468018,-0.0657989382743835-0.106482893228531j
56,-1.58735156059265,-0.00281831691972911-0.170221671462059j
57,-2.78006839752197,-0.105465218424797-0.0398810505867004j
58,-2.59436941146851,-0.0976947993040085-0.0595245659351349j
59,-2.47361874580383,-0.102138392627239-0.0805832892656326j
60,-2.28388476371765,-0.102348275482655-0.118333593010902j
61,-2.16555857658386,-0.0725797042250633-0.107291072607040j
62,-2.08331394195557,-0.0635786727070808-0.112994827330112j
63,-1.76521182060242,-0.0297976508736610-0.151331961154938j
64,-1.55266547203064,0.00271139014512301-0.149529531598091j
65,-1.8675856590271,-0.0338857546448708-0.110802255570889j
66,-1.51573288440704,0.00732437800616026-0.132882624864578j
67,-1.42795789241791,0.0207543261349201-0.144309833645821j
68,-1.2832715511322,0.0574947670102119-0.194423601031303j
69,-0.682833790779114,0.157258108258247-0.127907305955887j
70,0.394224911928177,0.207177966833115+0.0861865133047104j
71,1.10722899436951,0.120356082916260+0.240760505199432j
72,1.16530501842499,0.0798334404826164+0.185970023274422j
73,-0.226883307099342,0.112866491079330-0.0260561536997557j
74,-1.40953004360199,0.0107469903305173-0.0660625770688057j
75,-1.24263381958008,0.0322492122650147-0.0947188287973404j
76,-2.0719690322876,-0.0510256662964821-0.0931421071290970j
77,-1.59226655960083,-0.00271180830895901-0.126285776495934j
78,-1.59188497066498,-0.00315888435579836-0.149768218398094j
79,-1.79864466190338,-0.0302382931113243-0.130407795310020j
80,-2.39930558204651,-0.0987793505191803-0.0906095355749130j
81,-2.91683197021484,-0.0675492212176323-0.0154433408752084j
82,-2.46412944793701,-0.0764047428965569-0.0614656507968903j
83,2.96401810646057,-0.0722335502505302+0.0129633862525225j
84,-1.44590735435486,0.0109388316050172-0.0871325656771660j
85,-0.423399478197098,0.0940223336219788-0.0423717461526394j
86,0.4386046230793,0.155676186084747+0.0730241239070892j
87,0.182012498378754,0.132043972611427+0.0243026167154312j
88,0.512201905250549,0.139742538332939+0.0785706788301468j
89,-1.90064585208893,-0.0543572865426540-0.158773824572563j
90,-2.32223606109619,-0.0981758609414101-0.105080805718899j
91,-1.896608710289,-0.0427982360124588-0.126677244901657j
92,-2.04523324966431,-0.0595490299165249-0.115953311324120j
93,-3.02089858055115,-0.141380101442337-0.0171470660716295j
94,-1.87585067749023,-0.0402802154421806-0.127921223640442j
95,-1.96686244010925,-0.0589902102947235-0.141069635748863j
96,-1.68805193901062,-0.0186467710882425-0.158297091722488j
97,0.499807327985764,0.127705186605454+0.0697337165474892j
98,0.643331170082092,0.135916739702225+0.101901464164257j
99,-0.2771036028862,0.136921271681786-0.0389432869851589j
100,-1.20075464248657,0.0595637597143650-0.153550028800964j
101,-2.41255187988281,-0.108361169695854-0.0967872962355614j
102,-3.12425327301025,-0.0745985284447670-0.00129361846484244j
103,-2.71295928955078,-0.113011009991169-0.0516424104571343j
104,-2.23915147781372,-0.0747827887535095-0.0947120562195778j
105,2.83094501495361,-0.141166538000107+0.0453203618526459j
106,-1.73369705677032,-0.0315031968057156-0.191675186157227j
107,-2.13272047042847,-0.0533768534660339-0.0847745388746262j
108,2.84603023529053,-0.103741586208344+0.0315873064100742j
109,2.83531475067139,-0.0763639435172081+0.0241484530270100j
110,-2.34712791442871,-0.0904707312583923-0.0921263247728348j
111,-1.03333044052124,0.0524056926369667-0.0879304707050324j
112,-0.466205954551697,0.0874984636902809-0.0440294034779072j
113,-0.773872971534729,0.121883466839790-0.119105890393257j
114,0.200275734066963,0.195774912834167+0.0397417433559895j
115,0.676183462142944,0.128672450780869+0.103242717683315j
116,-0.699308395385742,0.0938518792390823-0.0789394527673721j
117,-1.34128427505493,0.0313320010900497-0.134110242128372j
118,-2.52659201622009,-0.119137480854988-0.0841573402285576j
119,2.76783037185669,-0.0980790331959724+0.0384663902223110j
120,2.76527142524719,-0.0953356102108955+0.0376721881330013j
121,-0.652183353900909,0.140727698802948-0.107467442750931j
122,-1.37230014801025,0.0363709777593613-0.180819839239120j
123,-1.51202499866486,0.0102229192852974-0.173743590712547j
124,-2.29159450531006,-0.105087928473949-0.119624555110931j
125,3.07550692558289,-0.146686077117920+0.00970800407230854j
126,2.54543662071228,-0.0959390401840210+0.0650954470038414j
127,-2.62153363227844,-0.135586425662041-0.0776422396302223j
128,-1.52368104457855,0.00668851658701897-0.141855627298355j
129,-2.786700963974,-0.0810010582208633-0.0300175361335278j
130,-2.54770636558533,-0.118183478713036-0.0797973573207855j
131,-1.52397954463959,0.00789879634976387-0.168593928217888j
132,-1.765469789505,-0.0398821756243706-0.202272474765778j
133,-1.98725569248199,-0.0539241954684258-0.121908724308014j
134,-2.82193279266357,-0.0727757439017296-0.0240896400064230j
135,-2.53553199768066,-0.0640463456511498-0.0443886816501617j
136,-0.264945298433304,0.139438703656197-0.0378330424427986j
137,-0.302671909332275,0.118450678884983-0.0369881503283978j
138,0.575136363506317,0.111852563917637+0.0725072100758553j
139,1.47103798389435,0.0189938414841890+0.189766451716423j
140,0.255833655595779,0.137438803911209+0.0359492190182209j
141,-0.883138179779053,0.0837794765830040-0.101995140314102j
142,-1.29617989063263,0.0421404875814915-0.149575158953667j
143,-1.72235941886902,-0.0200075432658196-0.130995675921440j
144,-2.52965235710144,-0.0682107061147690-0.0478710085153580j
145,2.23075413703918,-0.0581476651132107+0.0749289616942406j
146,2.92710590362549,-0.125045746564865+0.0272396486252546j
147,-3.06071758270264,-0.110772863030434-0.00897834543138742j
148,-3.01893305778503,-0.105927512049675-0.0130585897713900j
149,3.0028920173645,-0.0987632498145104+0.0137870572507381j
150,-2.67016243934631,-0.0638220608234406-0.0325343497097492j
151,-1.98938572406769,-0.0532568804919720-0.119710214436054j
152,-1.32522070407867,0.0308023262768984-0.122897453606129j
153,2.6958601474762,-0.0750063359737396+0.0358382202684879j
154,2.68089628219605,-0.0834350213408470+0.0414101555943489j
155,2.41428661346436,-0.0532702356576920+0.0474146567285061j
156,1.82821536064148,-0.0230697654187679+0.0876311659812927j
157,1.6938955783844,-0.0131815476343036+0.106539241969585j
158,1.45902407169342,0.0129204448312521+0.115114368498325j
159,1.9553689956665,-0.0494409017264843+0.122159361839294j
160,2.56893634796143,-0.0737024992704392+0.0475176796317101j
161,3.04759836196899,-0.103466115891933+0.00975395645946264j
162,-2.39415407180786,-0.0723704993724823-0.0670746639370918j
163,-1.47416126728058,0.0117373596876860-0.121082410216331j
164,0.0787455216050148,0.134439662098885+0.0106084579601884j
165,-0.968936443328857,0.0775154531002045-0.112853057682514j
166,-1.61992073059082,-0.00706610688939691-0.143725171685219j
167,-2.35685467720032,-0.0907211601734161-0.0906014665961266j
168,3.12195134162903,-0.0852366685867310+0.00167437363415957j
169,-0.139557495713234,0.129200667142868-0.0181488990783691j
170,0.215715929865837,0.150169253349304+0.0329058989882469j
171,1.15688717365265,0.0528811588883400+0.120379596948624j
172,0.808060705661774,0.0711805671453476+0.0744822248816490j
173,0.571718871593475,0.0866154432296753+0.0557280592620373j
174,1.38023614883423,0.0174018144607544+0.0902111902832985j
175,2.03367304801941,-0.0503052026033402+0.100804589688778j
176,2.73870515823364,-0.0875570401549339+0.0373169034719467j
177,-0.712634801864624,0.0923647582530975-0.0798142775893211j
178,-2.397385597229,-0.0710106492042542-0.0653890147805214j
179,-3.07659459114075,-0.102771200239658-0.00668934406712651j
180,2.72264242172241,-0.106830000877380+0.0475729145109654j
181,2.39772987365723,-0.0735090002417564+0.0676428452134132j
182,1.35392785072327,0.0219343118369579+0.0995504632592201j
183,0.592103600502014,0.0742728188633919+0.0499563850462437j
184,0.159188747406006,0.0899227559566498+0.0144368456676602j
185,0.160336002707481,0.0830979570746422+0.0134389540180564j
186,0.791278898715973,0.0593354627490044+0.0600374676287174j
187,1.78656733036041,-0.0181396212428808+0.0827601179480553j
188,2.74459362030029,-0.101398281753063+0.0425122603774071j
189,-2.74250078201294,-0.106578476727009-0.0449466221034527j
190,-2.09199023246765,-0.0550983324646950-0.0959653258323669j
191,-1.0543954372406,0.0642651543021202-0.113184183835983j
192,-0.978790163993835,0.0638836473226547-0.0949992015957832j
193,-0.96118688583374,0.0318359322845936-0.0455881617963314j
194,-0.0173453576862812,0.232214659452438-0.00402825046330690j
195,0.317404925823212,0.139522403478622+0.0458347573876381j
196,0.384688258171082,0.0500125102698803+0.0202480219304562j
197,2.98331379890442,-0.0346680767834187+0.00553350802510977j
198,2.05179762840271,-0.0343211442232132+0.0657638981938362j
199,1.80502820014954,-0.0528343394398689+0.221423938870430j
200,2.27660608291626,-0.126054003834724+0.147904068231583j
201,0.294240415096283,0.223333954811096+0.0676783844828606j
202,0.344177722930908,0.152594238519669+0.0546965412795544j
203,0.268703192472458,0.156434148550034+0.0430760979652405j
204,0.665410578250885,0.0288263317197561+0.0226232260465622j
205,0.194094717502594,0.0348288416862488+0.00684628402814269j
206,0.392871886491776,0.0397179946303368+0.0164597742259502j
207,-0.927570998668671,0.0520896874368191-0.0694928318262100j
208,-3.02089858055115,-0.141380101442337-0.0171470660716295j
209,-0.543825268745422,0.0519366227090359-0.0314030312001705j
210,0.221458584070206,0.0273533072322607+0.00615863688290119j
211,0.252387791872025,0.140079781413078+0.0361247472465038j
212,0.0476421527564526,0.229511588811874+0.0109427068382502j
213,-0.0592022687196732,0.0951615124940872-0.00564036890864372j
214,-2.36957359313965,-0.0452296324074268-0.0440352708101273j
215,-1.54865276813507,0.00190909451339394-0.0862001627683640j
216,-0.410924106836319,0.140711471438408-0.0613122507929802j
217,-0.532034873962402,0.0801740959286690-0.0471947789192200j
218,-0.249523773789406,0.234970614314079-0.0598786659538746j
219,-0.54841160774231,0.0842506811022759-0.0514705851674080j
220,-0.521048188209534,0.0407951921224594-0.0234145857393742j
221,0.348737061023712,0.0939424186944962+0.0341572687029839j
222,2.41541194915772,-0.170779421925545+0.151662901043892j
223,1.9554615020752,-0.0967425331473351+0.238969400525093j
224,0.432567477226257,0.0424619056284428+0.0196060277521610j
225,0.552380740642548,0.0945260450243950+0.0582645013928413j
226,1.02720582485199,0.0664239078760147+0.109914973378181j
227,0.563763082027435,0.0742951855063438+0.0469697266817093j
228,0.829069137573242,0.0628446340560913+0.0685880780220032j
229,1.09653067588806,0.103107541799545+0.200854733586311j
230,0.341514050960541,0.0655043572187424+0.0232829544693232j
231,-1.4734833240509,0.00923232827335596-0.0945727899670601j
232,-2.25879096984863,-0.0743743553757668-0.0904830321669579j
233,-0.594470977783203,0.131797343492508-0.0891016572713852j
234,-2.02274489402771,-0.0261173658072948-0.0537991449236870j
235,-2.15334796905518,-0.0482548065483570-0.0732441395521164j
236,-1.51247978210449,0.00617678649723530-0.105798244476318j
237,-0.627208650112152,0.0990175455808640-0.0717726871371269j
238,0.426663607358933,0.207062304019928+0.0941282510757446j
239,0.403988271951675,0.174912929534912+0.0747756883502007j
240,-0.298476815223694,0.114346310496330-0.0351807102560997j
241,-0.328121960163116,0.0967945456504822-0.0329515598714352j
242,0.860570669174194,0.0743438526988030+0.0864542648196220j
243,1.6440042257309,-0.0158314909785986+0.215867191553116j
244,2.1741771697998,-0.103387840092182+0.150030672550201j
245,1.03328227996826,0.0732921883463860+0.122962020337582j
246,-1.1346321105957,0.0189134385436773-0.0405778139829636j
247,-0.976514935493469,0.0551847778260708-0.0816615521907806j
248,-0.674680888652802,0.155791863799095-0.124618142843246j
249,-0.929474353790283,0.0927213653922081-0.124191373586655j
250,-0.804011762142181,0.0673254355788231-0.0698796138167381j
251,-0.652539789676666,0.138028249144554-0.105483911931515j
252,-1.2998194694519,0.0359491594135761-0.129401922225952j
253,-2.40231609344482,-0.0675621852278709-0.0616007596254349j
254,-2.47829174995422,-0.0750848278403282-0.0586718730628490j
255,-1.25350773334503,0.0450032502412796-0.137045025825501j
256,-1.02270245552063,0.101548768579960-0.166340976953506j
257,-0.417887449264526,0.147744596004486-0.0656046718358994j
258,0.791638433933258,0.131667345762253+0.133320957422256j
259,1.53309595584869,0.00884316489100456+0.234452992677689j
260,1.50429046154022,0.0147239677608013+0.221067041158676j
261,1.02695941925049,0.0826203823089600+0.136640012264252j
262,-0.0749514549970627,0.110284872353077-0.00828152522444725j
263,0.0196456089615822,0.143454357981682+0.00281861075200140j
264,0.614075183868408,0.134601846337318+0.0948945879936218j
265,-0.892917335033417,0.0638798102736473-0.0793380886316299j
266,0.276235640048981,0.117850758135319+0.0334086976945400j
267,1.0854355096817,0.0771091878414154+0.146194159984589j
268,1.15418243408203,0.0885300412774086+0.200060054659843j
269,0.326830834150314,0.124771967530251+0.0422961637377739j
270,-0.719779431819916,0.120534561574459-0.105669967830181j
271,-1.48161029815674,0.0136569719761610-0.152722775936127j
272,-1.2834780216217,0.0492055453360081-0.166519239544868j
273,-0.489735931158066,0.122369550168514-0.0652289614081383j
274,-1.86019003391266,-0.0211944896727800-0.0711815208196640j
275,-1.00422203540802,0.0353228040039539-0.0555262528359890j
276,-1.89723670482636,-0.0287508089095354-0.0849227458238602j
277,-1.35745978355408,0.0203511063009501-0.0939427465200424j
278,-0.416236698627472,0.127101659774780-0.0561873577535152j
279,-0.0229161512106657,0.146085873246193-0.00334831210784614j
280,-0.76109504699707,0.0950609669089317-0.0905491709709168j
281,-1.44636011123657,0.0173538252711296-0.138739019632339j
282,-0.277452141046524,0.159684866666794-0.0454778969287872j
283,-3.02089858055115,-0.141380101442337-0.0171470660716295j
284,-1.65193128585815,-0.0107984393835068-0.132800102233887j
285,-1.98590731620789,-0.0497230514883995-0.112821981310844j
286,-1.1262834072113,0.0531344674527645-0.111555457115173j
287,-0.305575579404831,0.138092726469040-0.0435621738433838j
288,0.499033421278,0.135980919003487+0.0741161406040192j
289,3.13152480125427,-0.111205041408539+0.00111963856033981j
290,-2.65269303321838,-0.100005052983761-0.0532002374529839j
291,-2.22702217102051,-0.0417709872126579-0.0542427636682987j
292,-1.40692377090454,0.0142734730616212-0.0863199457526207j
293,-0.982756733894348,0.0684018358588219-0.102594532072544j
294,-2.1072735786438,-0.0746169164776802-0.125480175018311j
295,-2.64703369140625,-0.118057236075401-0.0636633634567261j
296,-2.38153624534607,-0.0492525994777679-0.0468175001442432j
297,-0.841465175151825,0.129691272974014-0.145115002989769j
298,-1.16098666191101,0.0683061853051186-0.157240808010101j
299,-2.0350456237793,-0.0595236532390118-0.118868410587311j
300,-1.94922196865082,-0.0482175573706627-0.121275082230568j
301,-0.864390194416046,0.105642549693584-0.123804867267609j
302,-0.587942898273468,0.146790757775307-0.0978478491306305j
303,-1.89971745014191,-0.0368921831250191-0.108086802065372j
304,-2.9117259979248,-0.0573990009725094-0.0134315248578787j
305,-2.67421531677246,-0.105317056179047-0.0531504526734352j
306,-2.88687133789063,-0.0658989772200584-0.0171585809439421j
307,-2.92596673965454,-0.139992892742157-0.0306628029793501j
308,2.81204771995544,-0.108004674315453+0.0369393751025200j
309,3.04089283943176,-0.0778019353747368+0.00786123890429735j
310,-2.43932747840881,-0.0918252393603325-0.0776995941996574j
311,-1.19078242778778,0.0810467004776001-0.202906504273415j
312,-2.03401827812195,-0.0593997091054916-0.118925936520100j
313,2.88221979141235,-0.0951862558722496+0.0252576861530542j
314,2.84120965003967,-0.121887192130089+0.0377552770078182j
315,-1.73757219314575,-0.0299817714840174-0.178102970123291j
316,-2.24735045433044,-0.0979131087660790-0.121937483549118j
317,3.09417939186096,-0.123358458280563+0.00585322314873338j
318,2.73466300964355,-0.0725572556257248+0.0312711372971535j
319,2.61184620857239,-0.0733910128474236+0.0429760590195656j
320,3.09380507469177,-0.141540870070457+0.00676906527951360j
321,-2.20043873786926,-0.0591807328164578-0.0812289416790009j
322,-1.82483541965485,-0.0355129353702068-0.136772915720940j
323,-1.37703466415405,0.0257213618606329-0.131082028150558j
324,-0.980054140090942,0.0810820087790489-0.120904035866261j
325,-0.551957488059998,0.103671029210091-0.0638407990336418j
326,-0.356998145580292,0.112964376807213-0.0421334020793438j
327,-0.105842612683773,0.0986168310046196-0.0104770157486200j
328,0.51931768655777,0.125931978225708+0.0719897970557213j
329,-0.492636322975159,0.0885335579514504-0.0475229807198048j
330,-0.634893298149109,0.0885655134916306-0.0652405694127083j
331,-0.54322350025177,0.117316260933876-0.0708378925919533j
332,-0.932562410831451,0.0872651860117912-0.117639400064945j
333,-1.39099228382111,0.0270240269601345-0.148673892021179j
334,-1.85984885692596,-0.0408353209495544-0.137316375970840j
335,-2.33986639976501,-0.113151036202908-0.116907812654972j
336,-2.49118852615356,-0.109467171132565-0.0832872539758682j
337,-0.847883343696594,0.0653477162122726-0.0740706548094750j
338,-0.795738339424133,0.0689413323998451-0.0703820064663887j
339,-0.790147602558136,0.0814030617475510-0.0821799933910370j
340,-0.68911737203598,0.0755480080842972-0.0622404813766480j
341,-0.506253898143768,0.0842379853129387-0.0467058159410954j
342,-0.282112598419189,0.103329077363014-0.0299492105841637j
343,0.040685910731554,0.122300200164318+0.00497864233329892j
344,-0.380920946598053,0.105050496757030-0.0420707277953625j
345,-0.936170697212219,0.0672828331589699-0.0913891494274139j
346,-1.65250015258789,-0.00943879224359989-0.115267217159271j
347,-2.09871077537537,-0.0570033937692642-0.0977560207247734j
348,-2.10668540000916,-0.0577864125370979-0.0973072350025177j
349,-2.55846762657166,-0.106474712491035-0.0702354162931442j
350,-1.83366107940674,-0.0347824245691299-0.129258781671524j
351,-1.16069900989532,0.0479640811681747-0.110326454043388j
352,-0.888868987560272,0.0757553055882454-0.0933114811778069j
353,-3.02089858055115,-0.141380101442337-0.0171470660716295j
354,0.29225879907608,0.129557892680168+0.0389806516468525j
355,-0.132462367415428,0.116082824766636-0.0154671743512154j
356,-0.303059279918671,0.0982800573110580-0.0307313334196806j
357,-0.311670213937759,0.107102021574974-0.0345050655305386j
358,-0.505875945091248,0.0988266244530678-0.0547456778585911j
359,-0.758060693740845,0.0632684528827667-0.0599004849791527j
360,-0.803476214408875,0.0771409943699837-0.0799817815423012j
361,-1.41157460212708,0.0155456215143204-0.0968085452914238j
362,-1.93487143516541,-0.0325411558151245-0.0853958278894424j
363,-2.42428159713745,-0.0916902273893356-0.0799833834171295j
364,-1.72529113292694,-0.0182670690119267-0.117295153439045j
365,-1.01791560649872,0.0667945742607117-0.108243703842163j
366,-0.616287112236023,0.102000460028648-0.0722488164901733j
367,-0.535872578620911,0.103020012378693-0.0611766800284386j
368,-0.0934813469648361,0.121422939002514-0.0113839600235224j
369,-0.280682563781738,0.132197394967079-0.0381116457283497j
370,0.0728536173701286,0.174226239323616+0.0127155166119337j
371,0.0555080100893974,0.154068142175674+0.00856081023812294j
372,0.321339905261993,0.160751953721046+0.0535106472671032j
373,0.418591618537903,0.160932034254074+0.0715961456298828j
374,0.0342322811484337,0.148151561617851+0.00507354782894254j
375,-0.718340754508972,0.0836000442504883-0.0730778500437737j
376,-0.762121081352234,0.0790553539991379-0.0754580795764923j
377,-1.03568506240845,0.0655845850706101-0.110634587705135j
378,-0.376130819320679,0.119062192738056-0.0470216125249863j
379,-0.482356190681458,0.140219330787659-0.0734201520681381j
380,-0.713030338287354,0.103048451244831-0.0891174972057343j
381,-0.725894689559937,0.0926650837063789-0.0822450220584869j
382,-1.47962188720703,0.0103725744411349-0.113450899720192j
383,-0.661106765270233,0.0838683545589447-0.0652395039796829j
384,-1.13215982913971,0.0488824397325516-0.104201190173626j
385,-0.420581549406052,0.105574607849121-0.0472203791141510j
386,-0.319993913173676,0.129118502140045-0.0427876338362694j
387,-0.610679805278778,0.176361948251724-0.123441234230995j
388,-1.8640683889389,-0.0403025560081005-0.133461102843285j
389,-0.349579960107803,0.0205490309745073-0.00749120209366083j
390,0.235615476965904,0.0485886521637440+0.0116648990660906j
391,2.23715901374817,-0.0489078685641289+0.0621959865093231j
392,2.06586170196533,-0.0473932251334190+0.0877794697880745j
393,-1.17001354694366,0.0418334528803825-0.0987298935651779j
394,-0.735319972038269,0.114038199186325-0.103152580559254j
395,-0.930338978767395,0.0767702981829643-0.103012129664421j
396,-1.28612208366394,0.0260530430823565-0.0890331268310547j
397,-1.33361756801605,0.0198063366115093-0.0819362625479698j
398,-1.04521477222443,0.0569356083869934-0.0981653481721878j
399,-0.779677093029022,0.0715167671442032-0.0707031115889549j
400,-0.625731885433197,0.0865334123373032-0.0625288635492325j
401,0.256216049194336,0.0509098954498768+0.0133370617404580j
402,1.90497732162476,-0.00786543451249600+0.0226536933332682j
403,-1.38981485366821,0.0259483065456152-0.141806632280350j
404,-0.322312861680985,0.142257437109947-0.0475080423057079j
405,-0.315060287714005,0.115270256996155-0.0375684387981892j
406,-0.373620480298996,0.117538332939148-0.0460790432989597j
407,-0.726369678974152,0.0752914175391197-0.0668889656662941j
408,-1.10230958461761,0.0458484180271626-0.0905981361865997j
409,-3.02089858055115,-0.141380101442337-0.0171470660716295j
410,-1.24364733695984,0.0402498915791512-0.118611432611942j
411,-2.43209958076477,-0.0804706662893295-0.0690959542989731j
412,2.18366527557373,-0.0318610928952694+0.0453088507056236j
413,0.836130738258362,0.0344544798135757+0.0381405800580978j
414,0.923063158988953,0.0275469105690718+0.0364071987569332j
415,2.56686019897461,-0.0847873389720917+0.0549138374626637j
416,2.97236919403076,-0.0560492016375065+0.00957642961293459j
417,-0.993185758590698,0.0556684099137783-0.0854126065969467j
418,-0.912551760673523,0.0712735205888748-0.0921684950590134j
419,-1.00372064113617,0.0487863942980766-0.0766057297587395j
420,-0.910631477832794,0.0590657591819763-0.0760794878005981j
421,-1.04336154460907,0.0575705617666245-0.0988375991582871j
422,-0.87225079536438,0.0835660845041275-0.0995065271854401j
423,-0.758240461349487,0.0964200496673584-0.0913202017545700j
424,-0.583933651447296,0.103927634656429-0.0686759203672409j
425,2.57452964782715,-0.0521007515490055+0.0331794619560242j
426,2.39768171310425,-0.0820742249488831+0.0755318179726601j
427,1.01071119308472,0.0302346851676703+0.0482159480452538j
428,1.99616503715515,-0.0219547953456640+0.0484623871743679j
429,-2.92235612869263,-0.104561336338520-0.0232981257140636j
430,-1.76163864135742,-0.0219744611531496-0.113743267953396j
431,-1.17409479618073,0.0485112369060516-0.115803323686123j
432,-1.1766859292984,0.0438464321196079-0.105433546006680j
433,-0.719116687774658,0.0915711298584938-0.0801711007952690j
434,-0.706553936004639,0.109064713120461-0.0930926576256752j
435,-1.13359951972961,0.0524933971464634-0.112318851053715j
436,-1.5203412771225,0.00615510856732726-0.121888428926468j
437,-2.16484236717224,-0.0665512755513191-0.0985315144062042j
438,-2.70767188072205,-0.0681706443428993-0.0315885767340660j
439,-2.78623175621033,-0.137597680091858-0.0510646551847458j
440,-3.03204393386841,-0.0641339570283890-0.00705402903258801j
441,-2.62502264976501,-0.108678258955479-0.0617310181260109j
442,-2.81298303604126,-0.174233391880989-0.0594087392091751j
443,-3.05339765548706,-0.0564779751002789-0.00499403290450573j
444,-2.75521612167358,-0.0849861279129982-0.0345745198428631j
445,-1.59152817726135,-0.00248577585443854-0.119883976876736j
446,-1.11764323711395,0.0533586554229260-0.109577305614948j
447,-0.9942786693573,0.0605906322598457-0.0931873098015785j
448,-0.941292226314545,0.0612351968884468-0.0840732231736183j
449,1.60217797756195,-0.00407369853928685+0.129768967628479j
450,2.53815031051636,-0.116979718208313+0.0806227028369904j
451,2.71729135513306,-0.150700166821480+0.0680775344371796j
452,2.65233540534973,-0.128349661827087+0.0683377683162689j
453,3.00819516181946,-0.121155127882957+0.0162583310157061j
454,3.13857674598694,-0.167449370026588+0.000505030329804868j
455,3.0479564666748,-0.0808048173785210+0.00758844427764416j
456,-2.77753758430481,-0.0966051444411278-0.0368103757500649j
457,1.18155694007874,0.0454182177782059+0.110731273889542j
458,0.649519264698029,0.0674856081604958+0.0512516796588898j
459,0.255112200975418,0.0872314646840096+0.0227494966238737j
460,1.2588826417923,0.0256939232349396+0.0796861797571182j
461,0.587814033031464,0.0493453256785870+0.0328834466636181j
462,0.256334513425827,0.0590841285884380+0.0154859777539968j
463,0.686150074005127,0.0656828656792641+0.0537866614758968j
464,1.1604973077774,0.0565309152007103+0.129960104823113j
465,-2.59894323348999,-0.125152051448822-0.0754713043570519j
466,-2.37771558761597,-0.122063875198364-0.116919882595539j
467,-2.81471562385559,-0.136166721582413-0.0461658500134945j
468,-2.92739987373352,-0.133749082684517-0.0290943756699562j
469,2.88261127471924,-0.0989482551813126+0.0262144599109888j
470,2.80433320999146,-0.104233458638191+0.0365501381456852j
471,2.89590549468994,-0.0872076526284218+0.0218675658106804j
472,1.90400195121765,-0.0376181639730930+0.108688279986382j
473,-1.84679877758026,-0.0489747710525990-0.172914415597916j
474,-1.88976657390594,-0.0458753891289234-0.138912364840508j
475,-1.66775822639465,-0.0161998253315687-0.166550159454346j
476,-1.92764830589294,-0.0519221723079681-0.139271333813667j
477,-1.5968986749649,-0.00410166243091226-0.157101854681969j
478,-1.0688978433609,0.101064063608646-0.184164643287659j
479,-2.32297968864441,-0.0979142040014267-0.104644626379013j
480,-2.85908269882202,-0.109821788966656-0.0318783968687058j
481,1.03830099105835,0.0345162823796272+0.0585742518305779j
482,0.910153329372406,0.0330854095518589+0.0425735302269459j
483,0.285950481891632,0.0767275020480156+0.0225584954023361j
484,1.31440448760986,0.0241188127547503+0.0919997543096542j
485,2.85434460639954,-0.116094760596752+0.0342964977025986j
486,-2.56610488891602,-0.166468724608421-0.107994675636292j
487,-2.92499756813049,-0.0963180065155029-0.0211944859474897j
488,-2.33830833435059,-0.0692440718412399-0.0717664733529091j
489,-1.12163996696472,0.0804509148001671-0.166905418038368j
490,-1.2453351020813,0.0463183484971523-0.137255266308784j
491,-1.63628792762756,-0.00660860259085894-0.100763343274593j
492,-1.37299346923828,0.0335706509649754-0.167498484253883j
493,-1.82232475280762,-0.0444631166756153-0.173027977347374j
494,3.01599454879761,-0.131042063236237+0.0165457241237164j
495,1.48443353176117,0.00549582578241825+0.0634782016277313j
496,0.623054623603821,0.0470136702060699+0.0337807573378086j
497,-1.44301414489746,0.0146627360954881-0.114122644066811j
498,-1.41271364688873,0.0229562427848578-0.144005000591278j
499,-1.30533123016357,0.0404014214873314-0.148599147796631j
500,-1.41296446323395,0.0186505857855082-0.117184586822987j
501,-1.40895044803619,0.0200171023607254-0.122598230838776j
502,-1.35227489471436,0.0330561473965645-0.148856312036514j
503,-1.57473039627075,-0.000502365932334214-0.127694040536881j
504,-1.39124858379364,0.0191591922193766-0.105558931827545j
505,-0.0674130097031593,0.0433804765343666-0.00292884651571512j
506,2.70809102058411,-0.0153081631287932+0.00708562973886728j
507,-2.00043916702271,-0.0582891143858433-0.127216294407845j
508,-0.790513336658478,0.0771865025162697-0.0779802128672600j
509,-0.572071433067322,0.119264408946037-0.0767937451601028j
510,-0.532146811485291,0.117178477346897-0.0689952149987221j
511,-0.81837397813797,0.0899079442024231-0.0960420221090317j
512,-1.20998644828796,0.0460660457611084-0.122084967792034j
513,2.0784182548523,-0.0798013880848885+0.143465608358383j
514,2.02767181396484,-0.0492992326617241+0.100290715694427j
515,2.21357703208923,-0.0970557481050491+0.129602059721947j
516,2.49695873260498,-0.173418194055557+0.130370870232582j
517,2.4327073097229,-0.185158640146256+0.158790677785873j
518,2.45063066482544,-0.167029738426209+0.138126000761986j
519,1.90076303482056,-0.0498423874378204+0.145530432462692j
520,1.97990334033966,-0.0737574696540833+0.170116633176804j
521,2.57455897331238,-0.144240558147430+0.0918511450290680j
522,2.05777359008789,-0.0949215143918991+0.179262414574623j
523,2.48048448562622,-0.137104719877243+0.106651328504086j
524,2.9374258518219,-0.153205618262291+0.0317214876413345j
525,3.06807136535645,-0.221522003412247+0.0163160115480423j
526,3.12794637680054,-0.218274042010307+0.00297882664017379j
527,2.74698996543884,-0.170413553714752+0.0709679797291756j
528,2.24149990081787,-0.118400447070599+0.149231731891632j
529,2.14322185516357,-0.116727314889431+0.181142210960388j
530,2.31843376159668,-0.148157194256783+0.159791082143784j
531,2.02007055282593,-0.0855552852153778+0.177441537380219j
532,2.19642281532288,-0.0881931781768799+0.122077256441116j
533,2.33056735992432,-0.101497747004032+0.106837995350361j
534,2.81870937347412,-0.128486841917038+0.0429907217621803j
535,2.88332986831665,-0.163685768842697+0.0432396121323109j
536,2.87928485870361,-0.197513356804848+0.0530311651527882j
537,1.92968559265137,-0.0584034249186516+0.155686303973198j
538,1.66111099720001,-0.0138003481552005+0.152387216687202j
539,1.5114883184433,0.00981935951858759+0.165371358394623j
540,1.54209160804749,0.00428738258779049+0.149320483207703j
541,1.71449196338654,-0.0233820490539074+0.161597758531570j
542,1.37701725959778,0.0394215919077396+0.200883001089096j
543,0.767748653888702,0.137044519186020+0.132290393114090j
544,1.34982919692993,0.0439764894545078+0.195768535137177j
545,2.13056516647339,-0.0899168625473976+0.143493324518204j
546,1.74909460544586,-0.0256633218377829+0.142406299710274j
547,1.47825074195862,0.00922543741762638+0.0994006022810936j
548,1.7333824634552,-0.0225971061736345+0.137758597731590j
549,2.36729669570923,-0.0902894809842110+0.0883065983653069j
550,2.5056049823761,-0.140263199806213+0.103559970855713j
551,2.64690160751343,-0.159681841731071+0.0861370265483856j
552,2.29876279830933,-0.132812917232513+0.149016663432121j
553,-0.325196504592896,0.173852130770683-0.0586171299219132j
554,-0.143704146146774,0.173134759068489-0.0250528734177351j
555,0.515989184379578,0.165230140089989+0.0937265232205391j
556,0.538311243057251,0.0854414552450180+0.0510202087461948j
557,0.619953215122223,0.0938201621174812+0.0669724345207214j
558,1.25387871265411,0.0427782200276852+0.130432546138763j
559,1.9310576915741,-0.0669797584414482+0.177806019783020j
560,2.18842673301697,-0.127403616905212+0.179356381297112j
561,1.16576313972473,0.0463081635534763+0.108010202646256j
562,1.38624179363251,0.0232317633926868+0.124447755515575j
563,1.643195271492,-0.00986952800303698+0.136083140969276j
564,1.46795809268951,0.0182310361415148+0.176653444766998j
565,0.98349130153656,0.0889556556940079+0.133635371923447j
566,0.228421941399574,0.116221345961094+0.0270190704613924j
567,-0.172280341386795,0.118544436991215-0.0206273589283228j
568,0.120566740632057,0.131536677479744+0.0159362424165010j
569,-0.656028866767883,0.135369122028351-0.104201912879944j
570,-0.748526811599731,0.0714424103498459-0.0663591772317886j
571,-0.377352476119995,0.115802250802517-0.0458977669477463j
572,-3.02089858055115,-0.141380101442337-0.0171470660716295j
573,-3.02089858055115,-0.141380101442337-0.0171470660716295j
574,1.01623332500458,0.0473184920847416+0.0763939470052719j
575,0.811451554298401,0.0952662751078606+0.100364260375500j
576,0.889051258563995,0.0799118354916573+0.0984679609537125j
577,0.023807356134057,0.100712113082409+0.00239814212545753j
578,-0.0496260300278664,0.102278694510460-0.00507985660806298j
579,-0.00277562346309423,0.123293630778790-0.000342217594152316j
580,0.50054657459259,0.0822822302579880+0.0450093969702721j
581,0.799521207809448,0.0756696537137032+0.0778377875685692j
582,1.32155883312225,0.0410042777657509+0.161098122596741j
583,1.33499050140381,0.0513313002884388+0.213634818792343j
584,1.4249449968338,0.0270148366689682+0.183906525373459j
585,1.49319016933441,0.0160019677132368+0.205780357122421j
586,1.34959125518799,0.0459490716457367+0.204322457313538j
587,0.8542320728302,0.0823152065277100+0.0945057421922684j
588,-0.257688999176025,0.105110086500645-0.0277016088366509j
589,0.237716168165207,0.0954566225409508+0.0231288950890303j
590,0.516594886779785,0.135326758027077+0.0768722519278526j
591,0.403651982545853,0.163382396101952+0.0697813853621483j
592,0.213066011667252,0.100368775427341+0.0217147693037987j
593,1.11351478099823,0.0446070879697800+0.0906523689627647j
594,0.646998405456543,0.0381037853658199+0.0287866070866585j
595,0.177315831184387,0.0466328375041485+0.00835650321096182j
596,-0.163499265909195,0.0982078164815903-0.0162015296518803j
597,-0.0680008977651596,0.0843263939023018-0.00574312545359135j
598,-0.100857801735401,0.0467842034995556-0.00473461672663689j
599,0.381490707397461,0.0625669360160828+0.0250982418656349j
600,0.990009129047394,0.0865880995988846+0.131934896111488j
601,0.35416316986084,0.121846422553062+0.0450531542301178j
602,0.421221137046814,0.0765455663204193+0.0342953242361546j
603,0.938154816627502,0.0467073395848274+0.0637061670422554j
604,1.52567911148071,0.00653830310329795+0.144819796085358j
605,1.90576159954071,-0.0649049729108810+0.186464473605156j
606,1.61495923995972,-0.00687388423830271+0.155547082424164j
607,1.64441418647766,-0.0160387679934502+0.217471212148666j
608,1.30846190452576,0.0356030985713005+0.132588788866997j
609,2.32218241691589,-0.184887304902077+0.197912156581879j
610,1.92995011806488,-0.0728437379002571+0.194023847579956j
611,1.11864197254181,0.0489783138036728+0.100837588310242j
612,2.14388871192932,-0.149049431085587+0.230962619185448j
613,1.94385588169098,-0.100943520665169+0.257912218570709j
614,1.41095495223999,0.0201559327542782+0.125023797154427j
615,0.816672027111054,0.0684322714805603+0.0728522315621376j
616,0.479197651147842,0.0900790914893150+0.0468043237924576j
617,1.4005366563797,0.0197973754256964+0.115151807665825j
618,1.134321808815,0.0588201321661472+0.126093372702599j
619,0.955582678318024,0.0831201970577240+0.117616087198257j
620,1.09667825698853,0.0617030374705792+0.120241940021515j
621,1.49497759342194,0.0127268945798278+0.167537704110146j
622,1.88199460506439,-0.0610806643962860+0.189898297190666j
623,2.68674993515015,-0.178225040435791+0.0871595144271851j
624,2.76481413841248,-0.253709703683853+0.100388407707214j
625,2.95383620262146,-0.216999545693398+0.0412286557257175j
626,2.57216501235962,-0.125421956181526+0.0802902728319168j
627,2.26750564575195,-0.0846649333834648+0.101191729307175j
628,1.98925769329071,-0.0515448860824108+0.115901954472065j
629,2.04175496101379,-0.0761665478348732+0.149588882923126j
630,2.14968299865723,-0.123639315366745+0.189172878861427j
631,2.02147960662842,-0.0774454325437546+0.160044878721237j
632,1.7161158323288,-0.0195191130042076+0.133371785283089j
633,2.28882312774658,-0.136803403496742+0.156600385904312j
634,2.64307427406311,-0.184276327490807+0.100316412746906j
635,2.06007266044617,-0.0730390101671219+0.137173026800156j
636,1.91319215297699,-0.0542397387325764+0.152172982692719j
637,1.97467195987701,-0.0609103813767433+0.142524063587189j
638,2.06836104393005,-0.0848704501986504+0.156257539987564j
639,2.36686015129089,-0.119230128824711+0.116713546216488j
640,2.87327599525452,-0.204239338636398+0.0561549551784992j
641,0.247709184885025,0.0902925208210945+0.0228352639824152j
642,0.267974466085434,0.0828350633382797+0.0227447412908077j
643,0.46387842297554,0.0982849672436714+0.0491708405315876j
644,0.656715631484985,0.102871999144554+0.0792994648218155j
645,0.631618738174439,0.103704489767551+0.0758698880672455j
646,0.838009417057037,0.0899277925491333+0.0999254360795021j
647,1.33835303783417,0.0290333740413189+0.122647531330585j
648,1.60654497146606,-0.00410404289141297+0.114753708243370j
649,0.766939282417297,0.143594145774841+0.138388469815254j
650,-0.409093141555786,0.156332641839981-0.0677785575389862j
651,-0.568837642669678,0.112736523151398-0.0720758289098740j
652,0.125139132142067,0.174643322825432+0.0219695121049881j
653,0.636724650859833,0.128636807203293+0.0951224416494370j
654,0.733074843883514,0.101237617433071+0.0911614596843720j
655,0.882848978042603,0.103142105042934+0.125493645668030j
656,0.687344968318939,0.101782701909542+0.0835516154766083j
657,0.997848212718964,0.0697259753942490+0.108079537749290j
658,0.714188396930695,0.0991751626133919+0.0859687775373459j
659,0.566338956356049,0.0906307026743889+0.0576244033873081j
660,-0.215471506118774,0.0874972417950630-0.0191504564136267j
661,-0.0684428736567497,0.0730226933956146-0.00500570144504309j
662,0.694691359996796,0.0775020048022270+0.0645788386464119j
663,1.12200629711151,0.0660891011357307+0.137238547205925j
664,1.30249214172363,0.0412096008658409+0.149889454245567j
665,-0.378092706203461,0.0757774412631989-0.0300990138202906j
666,-0.0885650664567947,0.0776635035872459-0.00689631374552846j
667,-0.00136753346305341,0.0919413641095161-0.000125732971355319j
668,0.599662482738495,0.0764456391334534+0.0522614084184170j
669,0.935536324977875,0.0786973685026169+0.106751419603825j
670,0.901541233062744,0.102240189909935+0.129247412085533j
671,0.849808633327484,0.106705471873283+0.121419452130795j
672,1.17565286159515,0.0574048608541489+0.137635037302971j
673,-0.206121906638145,0.0915022194385529-0.0191323366016150j
674,-0.483468234539032,0.0932574570178986-0.0489626936614513j
675,-0.971064507961273,0.0822756439447403-0.120331205427647j
676,-0.204404950141907,0.127905771136284-0.0265148822218180j
677,0.2884920835495,0.122181043028831+0.0362598299980164j
678,0.504625082015991,0.0918911471962929+0.0507536083459854j
679,0.37298995256424,0.106817506253719+0.0417984277009964j
680,0.0545862726867199,0.0967561975121498+0.00528681231662631j
681,0.669215321540833,0.105766169726849+0.0836586877703667j
682,0.763884007930756,0.113716319203377+0.108925625681877j
683,0.73916631937027,0.0874230116605759+0.0796914920210838j
684,0.397685170173645,0.0872840657830238+0.0366651788353920j
685,0.0260365232825279,0.0891743078827858+0.00232231360860169j
686,-0.253249973058701,0.0843427702784538-0.0218284707516432j
687,-0.389538794755936,0.0617720820009708-0.0253584198653698j
688,-0.222060456871986,0.0917064622044563-0.0207058433443308j
689,-0.740382492542267,0.0682204663753510-0.0623392574489117j
690,-0.738681018352509,0.0772204101085663-0.0703226029872894j
691,-0.542293965816498,0.0656198263168335-0.0395393706858158j
692,-0.368443489074707,0.0797293931245804-0.0307814106345177j
693,-0.0979161784052849,0.0956638455390930-0.00939708948135376j
694,0.309614300727844,0.0728226006031036+0.0232961159199476j
695,0.387119293212891,0.0838117823004723+0.0341693460941315j
696,0.3089579641819,0.124498732388020+0.0397373735904694j
697,0.0885553285479546,0.0811445191502571+0.00720462203025818j
698,-0.127318471670151,0.0892731621861458-0.0114279370754957j
699,-0.108038954436779,0.104713492095470-0.0113573595881462j
700,-0.488056033849716,0.0910624563694000-0.0483444854617119j
701,-0.647662997245789,0.0767676830291748-0.0580765418708324j
702,-0.930873811244965,0.0678262934088707-0.0911125242710114j
703,-1.26845955848694,0.0411205403506756-0.131839469075203j
704,-0.960073530673981,0.0826387628912926-0.118056178092957j
705,0.567383110523224,0.190736964344978+0.121553376317024j
706,0.718294024467468,0.0925086140632629+0.0808575376868248j
707,0.385742247104645,0.147910058498383+0.0600642673671246j
708,-0.20474511384964,0.169754102826118-0.0352502763271332j
709,-0.949674308300018,0.0696222037076950-0.0972914844751358j
710,-1.22841548919678,0.0434431061148644-0.121888093650341j
711,-1.80227053165436,-0.0279131904244423-0.118427276611328j
712,-2.00118207931519,-0.0550699159502983-0.119955070316792j
713,-0.0616157203912735,0.142147794365883-0.00876963976770639j
714,0.917373597621918,0.116423435509205+0.152064397931099j
715,1.35257232189178,0.0445926375687122+0.201089307665825j
716,1.21484613418579,0.0566969700157642+0.152498826384544j
717,1.07004225254059,0.104811362922192+0.191512510180473j
718,0.272777825593948,0.108400568366051+0.0303251706063747j
719,0.0371364653110504,0.113254159688950+0.00420779362320900j
720,0.239783838391304,0.150030583143234+0.0366806201636791j
721,-0.778389930725098,0.124593399465084-0.122859165072441j
722,-0.296068459749222,0.130329653620720-0.0397549383342266j
723,0.0143674472346902,0.153848916292191+0.00221056840382516j
724,0.305746346712112,0.124396651983261+0.0392650216817856j
725,0.538890779018402,0.128660142421722+0.0769288390874863j
726,0.70729398727417,0.113911092281342+0.0973751172423363j
727,0.154436707496643,0.100578933954239+0.0156577620655298j
728,-0.302522629499435,0.104504510760307-0.0326161123812199j
729,0.861821472644806,0.108641356229782+0.126658871769905j
730,0.0850241109728813,0.146704852581024+0.0125035941600800j
731,-0.929235219955444,0.0485282056033611-0.0649664625525475j
732,-1.29993009567261,0.0261501763015986-0.0941700711846352j
733,-1.7785165309906,-0.0114969573915005-0.0545499213039875j
734,-1.44307911396027,0.0273135881870985-0.212695732712746j
735,-1.37031888961792,0.0326443761587143-0.160645857453346j
736,-1.12873816490173,0.0719672441482544-0.152055084705353j
737,1.5660799741745,0.000811678823083639+0.172098681330681j
738,1.55256450176239,0.00321751995943487+0.176458463072777j
739,1.54313695430756,0.00473178271204233+0.171029716730118j
740,1.36061263084412,0.0405886396765709+0.190258190035820j
741,0.790262222290039,0.0601947121322155+0.0607831589877605j
742,-0.133291587233543,0.118163503706455-0.0158441457897425j
743,0.606767773628235,0.0992242693901062+0.0688734054565430j
744,1.1112551689148,0.0873990356922150+0.176607444882393j
745,0.429960489273071,0.115452714264393+0.0529435202479363j
746,0.987858295440674,0.0902424976229668+0.136860519647598j
747,1.15067791938782,0.0666533783078194+0.149207964539528j
748,0.916407406330109,0.0908697396516800+0.118450619280338j
749,0.642137885093689,0.0869393870234489+0.0650195479393005j
750,0.0579865947365761,0.0703292042016983+0.00408272817730904j
751,0.862522840499878,0.0739331692457199+0.0863169804215431j
752,1.27250778675079,0.0579370483756065+0.188436433672905j
753,-0.786264061927795,0.0496014058589935-0.0496873781085014j
754,-0.762992739677429,0.0903470814228058-0.0863866209983826j
755,-0.922217071056366,0.0974593237042427-0.128580242395401j
756,-1.35088205337524,0.0326402187347412-0.146022066473961j
757,-1.29193413257599,0.0238421987742186-0.0832703262567520j
758,-1.66887664794922,-0.00775499409064651-0.0788140371441841j
759,-1.17799663543701,0.0302872490137815-0.0730990767478943j
760,-0.542654037475586,0.0707727223634720-0.0426790006458759j
761,-3.02089858055115,-0.141380101442337-0.0171470660716295j
762,0.989403009414673,0.0532693639397621+0.0810597538948059j
763,0.848792672157288,0.0626600310206413+0.0711545273661614j
764,0.959778785705566,0.0813286900520325+0.116111762821674j
765,1.06016480922699,0.0516696870326996+0.0922363102436066j
766,0.8172886967659,0.0945499017834663+0.100781232118607j
767,0.589304983615875,0.101564228534698+0.0679007172584534j
768,-0.245361030101776,0.0760592147707939-0.0190457068383694j
769,2.10664582252502,-0.0655427426099777+0.110378153622150j
770,2.19883322715759,-0.0822045505046845+0.113211922347546j
771,1.94676434993744,-0.0531751364469528+0.134707540273666j
772,2.20880317687988,-0.0670365616679192+0.0904127731919289j
773,1.70386910438538,-0.0172629952430725+0.128959313035011j
774,1.43115448951721,0.0182076357305050+0.129539549350739j
775,0.799300670623779,0.0992368236184120+0.102035187184811j
776,0.703548133373261,0.115232296288013+0.0977598503232002j
777,1.9907613992691,-0.0539195090532303+0.120752066373825j
778,0.73806369304657,0.0850401744246483+0.0773478820919991j
779,0.782286167144775,0.0971375778317452+0.0965348631143570j
780,1.44497716426849,0.0137461489066482+0.108676135540009j
781,2.31509375572205,-0.0805299580097199+0.0874374434351921j
782,2.68204498291016,-0.151593700051308+0.0750215202569962j
783,2.62725472450256,-0.121975898742676+0.0689246505498886j
784,-3.02089858055115,-0.141380101442337-0.0171470660716295j
785,1.05726623535156,0.0642575994133949+0.113931395113468j
786,-3.02089858055115,-0.141380101442337-0.0171470660716295j
787,-3.02089858055115,-0.141380101442337-0.0171470660716295j
788,1.41153979301453,0.0165269970893860+0.102897100150585j
789,1.35407936573029,0.0211282540112734+0.0959613099694252j
790,1.3169002532959,0.0300781968981028+0.115909956395626j
791,1.67651510238647,-0.0110334390774369+0.103976808488369j
792,2.10537719726563,-0.0827625915408135+0.139781087636948j
793,0.847336053848267,0.0702599808573723+0.0795508325099945j
794,0.668599367141724,0.0835549458861351+0.0660064816474915j
795,-3.02089858055115,-0.141380101442337-0.0171470660716295j
796,0.722182929515839,0.0717410743236542+0.0631994009017944j
797,0.986311078071594,0.0572126396000385+0.0864764526486397j
798,1.15670526027679,0.0526822991669178+0.119867689907551j
799,1.33424067497253,0.0288077164441347+0.119499847292900j
800,1.09096872806549,0.0588892772793770+0.113163352012634j
801,0.645894527435303,0.0812646076083183+0.0612529069185257j
802,0.799913167953491,0.0926773250102997+0.0954075753688812j
803,0.505007982254028,0.135237857699394+0.0747625902295113j
804,-0.150813981890678,0.128416776657105-0.0195152275264263j
805,-0.00446386029943824,0.105049550533295-0.000468929647468030j
806,0.689155220985413,0.0694447383284569+0.0572166927158833j
807,1.2133868932724,0.0489452779293060+0.131063103675842j
808,1.31298303604126,0.0373520702123642+0.141656011343002j
809,0.799599826335907,0.0693709626793861+0.0713698491454125j
810,0.89313530921936,0.0624040700495243+0.0775398388504982j
811,0.881409645080566,0.0683218538761139+0.0828841403126717j
812,1.17662930488586,0.0409071519970894+0.0983500033617020j
813,1.53948390483856,0.00330002303235233+0.105355836451054j
814,1.00981771945953,0.0596575848758221+0.0949487388134003j
815,0.523112237453461,0.0755653977394104+0.0435786955058575j
816,0.514158844947815,0.103180579841137+0.0582796484231949j
817,-0.369233012199402,0.148512318730354-0.0574714504182339j
818,0.447882831096649,0.126558259129524+0.0608044750988483j
819,0.680462300777435,0.0930355265736580+0.0753053948283196j
820,0.806088387966156,0.0804973095655441+0.0838991999626160j
821,0.60922634601593,0.0857679769396782+0.0598461404442787j
822,0.834399402141571,0.0657148361206055+0.0724925920367241j
823,1.34515047073364,0.0324553288519383+0.141383603215218j
824,1.1809493303299,0.0401369072496891+0.0976861566305161j
825,0.92545759677887,0.0671158060431480+0.0891459882259369j
826,1.13064181804657,0.0507466234266758+0.107749320566654j
827,0.967426478862763,0.0614592656493187+0.0891883298754692j
828,1.02872681617737,0.0843152403831482+0.140001282095909j
829,-3.02089858055115,-0.141380101442337-0.0171470660716295j
830,-0.1088050827384,0.150999724864960-0.0164946801960468j
831,-1.40015935897827,0.0187005642801523-0.108526967465878j
832,-0.649624586105347,0.102330267429352-0.0777313113212585j
833,1.36781287193298,0.0387908183038235+0.188471540808678j
834,1.57926058769226,-0.00151904230006039+0.179459854960442j
835,1.00056862831116,0.0499794706702232+0.0779358595609665j
836,0.955583274364471,0.0564281642436981+0.0798466280102730j
837,1.43903410434723,0.0159460082650185+0.120319962501526j
838,1.89726483821869,-0.0397253297269344+0.117327876389027j
839,-3.11537146568298,-0.163667231798172-0.00429254956543446j
840,-2.40910625457764,-0.189054593443871-0.170036703348160j
841,1.46771490573883,0.0121289873495698+0.117247089743614j
842,1.20048201084137,0.0631752386689186+0.162728488445282j
843,0.821047008037567,0.0953395515680313+0.102391421794891j
844,0.673299670219421,0.100137181580067+0.0798733234405518j
845,0.841515898704529,0.109442025423050+0.122470088303089j
846,0.997224628925324,0.0831457376480103+0.128704741597176j
847,0.954425632953644,0.0722467899322510+0.101979523897171j
848,0.856873691082001,0.0783241242170334+0.0904046818614006j
849,-2.62248802185059,-0.155241146683693-0.0887006595730782j
850,3.09140229225159,-0.171120539307594+0.00859583634883165j
851,2.79025459289551,-0.208422601222992+0.0763963833451271j
852,2.00307321548462,-0.0539509356021881+0.116933956742287j
853,1.26022219657898,0.0388824306428432+0.121143937110901j
854,1.32859814167023,0.0339910089969635+0.137588828802109j
855,1.29571425914764,0.0409136489033699+0.144961893558502j
856,1.38136231899261,0.0232784245163202+0.121410615742207j
857,-2.77863955497742,-0.227114647626877-0.0862531587481499j
858,-2.10506916046143,-0.0925584658980370-0.156435638666153j
859,-1.95074951648712,-0.0725266933441162-0.181608036160469j
860,-2.07970499992371,-0.0822738260030747-0.147463455796242j
861,-2.75886225700378,-0.141932427883148-0.0571394525468349j
862,-2.34747958183289,-0.118120633065701-0.120197616517544j
863,-2.12740325927734,-0.0788417533040047-0.126707851886749j
864,-2.10658049583435,-0.0966242477297783-0.162745609879494j
865,0.667892396450043,0.110285043716431+0.0869960859417915j
866,0.652109861373901,0.0816375389695168+0.0623334348201752j
867,1.41514015197754,0.0246993638575077+0.157395347952843j
868,2.3922176361084,-0.169897899031639+0.158078089356422j
869,2.17382383346558,-0.110615603625774+0.160640582442284j
870,1.71645128726959,-0.0188857559114695+0.128742590546608j
871,1.76803410053253,-0.0221866033971310+0.111024096608162j
872,2.48226308822632,-0.119133234024048+0.0923319682478905j
873,2.80106782913208,-0.114803217351437+0.0406779348850250j
874,2.41973423957825,-0.114934176206589+0.101183600723743j
875,2.19838333129883,-0.0938252508640289+0.129338204860687j
876,-3.02089858055115,-0.141380101442337-0.0171470660716295j
877,2.42937302589417,-0.0948847755789757+0.0819230824708939j
878,2.62184619903564,-0.178038418292999+0.101878091692925j
879,2.15410804748535,-0.0998463705182076+0.151302561163902j
880,1.25761711597443,0.0476344227790833+0.147094056010246j
881,-2.77350568771362,-0.164204925298691-0.0633279010653496j
882,2.57940530776978,-0.0741369947791100+0.0467063598334789j
883,1.74332416057587,-0.0241530742496252+0.138603404164314j
884,2.96070694923401,-0.109049767255783+0.0199435260146856j
885,-2.81394720077515,-0.113799452781677-0.0386800132691860j
886,-2.2164158821106,-0.140955060720444-0.187112942337990j
887,-2.42874574661255,-0.133089661598206-0.115054801106453j
888,-3.13645052909851,-0.150796413421631-0.000775425927713513j
889,1.1888210773468,0.0547406785190105+0.136270850896835j
890,2.15504717826843,-0.0793924853205681+0.120062284171581j
891,2.47226786613464,-0.156969040632248+0.124186947941780j
892,2.55627679824829,-0.131517454981804+0.0871687978506088j
893,2.61768579483032,-0.176463305950165+0.101953640580177j
894,2.63955593109131,-0.129116013646126+0.0708782449364662j
895,2.70004343986511,-0.126267537474632+0.0596834532916546j
896,-2.84932684898376,-0.159885421395302-0.0481066592037678j
897,0.855844914913178,0.0955093502998352+0.110011637210846j
898,0.0152173424139619,0.0963969901204109+0.00146701920311898j
899,0.133533805608749,0.101971849799156+0.0136982053518295j
900,0.0530311278998852,0.149172469973564+0.00791820883750916j
901,-0.853034734725952,0.0751298218965530-0.0860479846596718j
902,-1.47608625888824,0.00676602544263005-0.0712255835533142j
903,-1.50112068653107,0.00750464014708996-0.107533805072308j
904,-0.276814013719559,0.137019500136375-0.0389283411204815j
905,-1.27497625350952,0.0153551064431667-0.0503838919103146j
906,-0.90037477016449,0.0829272642731667-0.104581937193871j
907,-0.577537894248962,0.0735466778278351-0.0479270704090595j
908,-2.00886750221252,-0.0168284624814987-0.0359255224466324j
909,-0.553001344203949,0.0332959368824959-0.0205516628921032j
910,0.674073398113251,0.131132274866104+0.104762330651283j
911,1.28475499153137,0.0408452451229095+0.138878986239433j
912,1.27671277523041,0.0519299656152725+0.171462193131447j
913,-1.55009651184082,0.00246367161162198-0.119002349674702j
914,-1.14790165424347,0.0360408127307892-0.0800819694995880j
915,-0.743735134601593,0.0977647528052330-0.0899398773908615j
916,-0.712277114391327,0.0839842483401299-0.0725200548768044j
917,-0.458998084068298,0.106404341757298-0.0525851882994175j
918,0.32386502623558,0.125684931874275+0.0421904735267162j
919,0.873376607894898,0.0783377736806870+0.0934944227337837j
920,0.584524571895599,0.129499077796936+0.0856836438179016j
921,0.665243566036224,0.135985255241394+0.106686048209667j
922,0.107212208211422,0.103755839169025+0.0111667104065418j
923,-0.548337399959564,0.102036722004414-0.0623260699212551j
924,-0.888485133647919,0.0655618011951447-0.0806923359632492j
925,-1.21074402332306,0.0386121645569801-0.102565735578537j
926,-1.42826795578003,0.0144615331664681-0.100776262581348j
927,-1.5285918712616,0.00401857541874051-0.0951602980494499j
928,-1.38302004337311,0.0257312767207623-0.135417178273201j
929,-1.06579267978668,0.0533999279141426-0.0965959802269936j
930,-2.50233006477356,-0.0936356633901596-0.0696085914969444j
931,-2.71720552444458,-0.0788922235369682-0.0356470420956612j
932,-1.21120047569275,0.0604166463017464-0.160707592964172j
933,-0.740155458450317,0.0883171781897545-0.0806666687130928j
934,-1.60257029533386,-0.00402159057557583-0.126525938510895j
935,-0.934507191181183,0.0711962655186653-0.0963685140013695j
936,0.275321692228317,0.142903402447701+0.0403696335852146j
937,-1.79659736156464,-0.0261010508984327-0.113621830940247j
938,-1.52100217342377,0.00690938113257289-0.138644024729729j
939,-1.63434410095215,-0.00500770984217525-0.0786960944533348j
940,-1.27008128166199,0.0286250859498978-0.0923033058643341j
941,-1.04403018951416,0.0557610653340817-0.0958783850073814j
942,-0.901151955127716,0.0592852719128132-0.0748858228325844j
943,-0.115598671138287,0.111259125173092-0.0129190040752292j
944,0.364478826522827,0.150485813617706+0.0574140846729279j
945,2.41914582252502,-0.119112603366375+0.104986585676670j
946,0.991458654403687,0.0216201934963465+0.0330471694469452j
947,0.146143674850464,0.0692177042365074+0.0101883681491017j
948,-0.368173390626907,0.0204281695187092-0.00788043718785048j
949,0.284110575914383,0.00735613750293851+0.00214806641452014j
950,-0.65307092666626,0.00673890812322497-0.00515567837283015j
951,-2.23147106170654,-0.00608849385753274-0.00783401913940907j
952,-1.64028680324554,-0.000912450137548149-0.0131094278767705j
953,-0.390282660722733,0.0794299542903900-0.0326763205230236j
954,0.847508430480957,0.0699242800474167+0.0791982486844063j
955,2.0633373260498,-0.101105771958828+0.188399359583855j
956,2.92199468612671,-0.0876700133085251+0.0195677094161510j
957,2.91977715492249,-0.172216251492500+0.0388393290340900j
958,0.360761225223541,0.0944568738341332+0.0356359481811523j
959,-0.463524967432022,0.0891069024801254-0.0445397906005383j
960,1.50925040245056,0.00299906218424439+0.0486672632396221j
961,2.61556577682495,-0.0278468430042267+0.0161676593124867j
962,-3.0705144405365,-0.0797025337815285-0.00567466393113136j
963,-1.02664697170258,0.0557374283671379-0.0921151936054230j
964,-0.238267689943314,0.124812640249729-0.0303146727383137j
965,-0.46240246295929,0.0895994082093239-0.0446603335440159j
966,-0.775302350521088,0.0755039602518082-0.0739945992827416j
967,-0.920361280441284,0.0699608027935028-0.0919458866119385j
968,-1.31992077827454,0.0260749310255051-0.101745992898941j
969,-2.12447738647461,-0.0629802346229553-0.101879842579365j
970,-0.821338772773743,0.0676713064312935-0.0727191939949989j
971,-0.106715738773346,0.138145074248314-0.0147984726354480j
972,0.157079428434372,0.140281081199646+0.0222183112055063j
973,-1.11351895332336,0.0637308657169342-0.129517868161201j
974,-2.8842179775238,-0.102896876633167-0.0270837284624577j
975,2.74973082542419,-0.0302616152912378+0.0125050973147154j
976,2.04055380821228,-0.0172530021518469+0.0339852906763554j
977,-0.0230477228760719,0.0393761768937111-0.000907691894099116j
978,0.610314667224884,0.0673162341117859+0.0470801182091236j
979,1.42170417308807,0.0165312346071005+0.110056534409523j
980,1.64304065704346,-0.00849599018692970+0.117395989596844j
981,1.99441945552826,-0.0452465415000916+0.100341543555260j
982,2.54430651664734,-0.129002571105957+0.0877424031496048j
983,2.32323217391968,-0.112404428422451+0.120070137083530j
984,0.158357977867126,0.0713455751538277+0.0113935405388474j
985,2.62727904319763,-0.159395143389702+0.0900639519095421j
986,2.84868359565735,-0.207533285021782+0.0625886693596840j
987,2.14526081085205,-0.119656525552273+0.184858992695808j
988,1.49914026260376,0.00320943095721304+0.0447126738727093j
989,0.16478568315506,0.0206243842840195+0.00342970318160951j
990,0.760377585887909,0.110902599990368+0.105487272143364j
991,1.75354266166687,-0.00179370259866118+0.00970575213432312j
992,-2.24739766120911,-0.00966216530650854-0.0120317535474896j
993,0.567226648330689,0.135204359889030+0.0861336514353752j
994,1.20802021026611,0.0519070513546467+0.136750221252441j
995,1.74582040309906,-0.0248049944639206+0.140273153781891j
996,0.325615495443344,0.0813429430127144+0.0274640843272209j
997,0.209572419524193,0.0996629223227501+0.0211978536099195j
998,1.76835000514984,-0.0352385863661766+0.176048189401627j
999,2.34188461303711,-0.0978886485099793+0.100731074810028j
1000,2.28923964500427,-0.0746750980615616+0.0854095891118050j
1001,2.17445993423462,-0.0444304235279560+0.0644359514117241j
1002,2.24745893478394,-0.0826610699295998+0.102920271456242j
1003,2.0964789390564,-0.0665703341364861+0.114750273525715j
1004,1.70426321029663,-0.0145383523777127+0.108280919492245j
1005,1.95640623569489,-0.0588671639561653+0.145017206668854j
1006,1.25535762310028,0.0524036511778832+0.160582467913628j
1007,0.0436905436217785,0.115732774138451+0.00505964737385511j
1008,-0.248730331659317,0.0847982540726662-0.0215378999710083j
1009,-1.02532839775085,0.0165701732039452-0.0273035690188408j
1010,-0.194771602749825,0.0805269330739975-0.0158857498317957j
1011,1.21531689167023,0.0806390792131424+0.217209324240685j
1012,2.07943820953369,-0.0926492363214493+0.166163980960846j
1013,0.424089223146439,0.0757110118865967+0.0341824814677238j
1014,-0.72356778383255,0.0271044317632914-0.0239440575242043j
1015,0.641793072223663,0.0325514152646065+0.0243267994374037j
1016,1.8403924703598,-0.0379622019827366+0.137383222579956j
1017,-0.948937296867371,0.0442611463367939-0.0617552064359188j
1018,0.319807291030884,0.103095203638077+0.0341426096856594j
1019,1.10522747039795,0.0810641720890999+0.161352574825287j
1020,1.03639221191406,0.0557012856006622+0.0941141024231911j
1021,1.47958135604858,0.0116083361208439+0.126910299062729j
1022,1.81492912769318,-0.0386175625026226+0.155027449131012j
1023,1.81314885616303,-0.0314282029867172+0.127130821347237j
1024,0.804542779922485,0.0747013539075851+0.0776178017258644j