1,1.61150252819061,-0.00471340585500002 + 0.115726754069328i,
2,1.90965747833252,-0.0380194969475269 + 0.107870183885098i,
3,2.23574209213257,-0.0588370896875858 + 0.0750415176153183i,
4,-2.58582139015198,-0.175047740340233 - 0.108717627823353i,
5,3.04115295410156,-0.136535599827766 + 0.0137599064037204i,
6,1.7687441110611,-0.0181797966361046 + 0.0906386524438858i,
7,1.87039804458618,-0.0318476222455502 + 0.103100128471851i,
8,-2.99084162712097,-0.219461083412170 - 0.0333368852734566i,
9,2.03168153762817,-0.0292067229747772 + 0.0588191151618958i,
10,-2.88155078887939,-0.0959167554974556 - 0.0255202278494835i,
11,-1.95161247253418,-0.0865914225578308 - 0.216284215450287i,
12,2.79365515708923,-0.0748616680502892 + 0.0271518062800169i,
13,1.98856925964355,-0.0571780838072300 + 0.128807321190834i,
14,1.69399547576904,-0.0157980043441057 + 0.127581954002380i,
15,-0.774110853672028,0.151957020163536 - 0.148564800620079i,
16,1.68861711025238,-0.0174613948911428 + 0.147516593337059i,
17,-1.76451683044434,-0.0591998547315598 - 0.301761835813522i,
18,-2.310467004776,-0.0558180361986160 - 0.0611714124679565i,
19,1.94402778148651,-0.0236827321350575 + 0.0604790858924389i,
20,1.52541816234589,0.00439122598618269 + 0.0967031791806221i,
21,-2.97990155220032,-0.149877563118935 - 0.0244473014026880i,
22,-2.6480028629303,-0.0876795724034309 - 0.0471723191440105i,
23,-2.82417225837708,-0.127436921000481 - 0.0418667085468769i,
24,1.99472725391388,-0.0378984622657299 + 0.0839769914746285i,
25,-2.58423113822937,-0.133052408695221 - 0.0829289034008980i,
26,-3.04140043258667,-0.175508528947830 - 0.0176436807960272i,
27,2.54404616355896,-0.109357610344887 + 0.0744223371148109i,
28,1.77666962146759,-0.0228762496262789 + 0.109543733298779i,
29,1.92661011219025,-0.0368821471929550 + 0.0992439985275269i,
30,1.59458458423615,-0.00301278335973620 + 0.126625761389732i,
31,2.30010342597961,-0.0716250911355019 + 0.0801471024751663i,
32,2.65791201591492,-0.0834186002612114 + 0.0438196398317814i,
33,2.25346374511719,-0.112013399600983 + 0.137763857841492i,
34,0.5646151304245,0.0997004508972168 + 0.0631500110030174i,
35,0.534838378429413,0.0911022648215294 + 0.0539721660315990i,
36,1.07857239246368,0.0605843588709831 + 0.112978219985962i,
37,2.32763910293579,-0.106342740356922 + 0.112596325576305i,
38,1.27928972244263,0.0190777238458395 + 0.0635808929800987i,
39,1.56298863887787,0.000636617827694863 + 0.0815350562334061i,
40,-2.77808833122253,-0.134698480367661 - 0.0512405112385750i,
41,2.30983781814575,-0.133104681968689 + 0.146054834127426i,
42,2.25075578689575,-0.111132621765137 + 0.137439280748367i,
43,1.91597676277161,-0.0358288511633873 + 0.0996418595314026i,
44,2.7671275138855,-0.184295058250427 + 0.0724295899271965i,
45,2.19191217422485,-0.115786522626877 + 0.161804616451263i,
46,-3.04439473152161,-0.240854948759079 - 0.0234846118837595i,
47,2.09316802024841,-0.0658571049571037 + 0.114391788840294i,
48,0.912884712219238,0.0779619291424751 + 0.100887104868889i,
49,0.749113857746124,0.102559328079224 + 0.0953742936253548i,
50,0.285745918750763,0.115665838122368 + 0.0339809730648994i,
51,0.336485683917999,0.0933825895190239 + 0.0326640829443932i,
52,-0.00561423134058714,0.0592524893581867 - 0.000332660682033747i,
53,-0.0475073978304863,0.0929537862539291 - 0.00441931793466210i,
54,0.407174557447433,0.111077032983303 + 0.0479048751294613i,
55,0.552787959575653,0.0590017214417458 + 0.0364009775221348i,
56,1.0127819776535,0.0536282062530518 + 0.0859169140458107i,
57,0.741576731204987,0.100194185972214 + 0.0917763784527779i,
58,0.881103157997131,0.0995025187730789 + 0.120635375380516i,
59,1.01721775531769,0.0822917520999908 + 0.133149608969688i,
60,0.829192936420441,0.0900480002164841 + 0.0983020290732384i,
61,0.567519783973694,0.110111504793167 + 0.0701933205127716i,
62,0.502909004688263,0.0801076442003250 + 0.0440660677850246i,
63,0.583680212497711,0.120450384914875 + 0.0795503854751587i,
64,0.431416034698486,0.102398306131363 + 0.0471376292407513i,
65,0.98390918970108,0.0855717286467552 + 0.128668338060379i,
66,0.494928508996964,0.102358780801296 + 0.0552466735243797i,
67,1.09734237194061,0.0615028031170368 + 0.120047934353352i,
68,2.51895070075989,-0.157437592744827 + 0.113025248050690i,
69,-2.78703618049622,-0.243350982666016 - 0.0900887399911881i,
70,-2.23139667510986,-0.141021847724915 - 0.181479543447495i,
71,-2.41117572784424,-0.155270487070084 - 0.139070942997932i,
72,-2.57941794395447,-0.205113172531128 - 0.129217863082886i,
73,2.82853746414185,-0.139308035373688 + 0.0450939424335957i,
74,2.9934253692627,-0.0963203534483910 + 0.0143768778070807i,
75,-3.11348938941956,-0.0863603577017784 - 0.00242764363065362i,
76,2.75844192504883,-0.172016158699989 + 0.0693346709012985i,
77,1.18142676353455,0.0412229001522064 + 0.100465692579746i,
78,0.535416662693024,0.0906186923384666 + 0.0537564978003502i,
79,0.885942935943604,0.0918580368161202 + 0.112471848726273i,
80,0.724644184112549,0.106520004570484 + 0.0943041071295738i,
81,2.64083385467529,-0.213366746902466 + 0.116773061454296i,
82,2.01176595687866,-0.0429262816905975 + 0.0909521430730820i,
83,2.5792441368103,-0.121789947152138 + 0.0767551884055138i,
84,2.28034496307373,-0.0787751227617264 + 0.0917329415678978i,
85,1.98378610610962,-0.0462427288293839 + 0.105531118810177i,
86,1.46537601947784,0.0118352063000202 + 0.111850693821907i,
87,2.00929689407349,-0.0438447520136833 + 0.0934955328702927i,
88,2.40796041488647,-0.0625749975442886 + 0.0564101040363312i,
89,0.428756922483444,0.166454896330833 + 0.0760894194245338i,
90,2.10369729995728,-0.101955920457840 + 0.172859147191048i,
91,1.29263949394226,0.0293037574738264 + 0.102618649601936i,
92,0.690844893455505,0.127314642071724 + 0.105258330702782i,
93,-0.774110853672028,0.151957020163536 - 0.148564800620079i,
94,0.829261779785156,0.0879441946744919 + 0.0960186421871185i,
95,2.11162900924683,-0.0708243921399117 + 0.117930203676224i,
96,0.676914095878601,0.0716525763273239 + 0.0575778745114803i,
97,1.39751422405243,0.0272627994418144 + 0.155754044651985i,
98,1.54225814342499,0.00433331215754151 + 0.151801422238350i,
99,1.25720131397247,0.0323338992893696 + 0.0997048988938332i,
100,1.31830191612244,0.0167541932314634 + 0.0649385675787926i,
101,1.09184718132019,0.0447169244289398 + 0.0861139893531799i,
102,2.16543531417847,-0.0634015351533890 + 0.0937483012676239i,
103,2.00923275947571,-0.0806723833084106 + 0.172056362032890i,
104,1.46013391017914,0.0185308344662190 + 0.166769623756409i,
105,0.961859524250031,0.0889459103345871 + 0.127550736069679i,
106,0.828410506248474,0.0809578076004982 + 0.0882398933172226i,
107,1.10961222648621,0.0770894661545754 + 0.155133202672005i,
108,1.62097251415253,-0.00836813636124134 + 0.166634917259216i,
109,1.06870448589325,0.0545795634388924 + 0.0994123816490173i,
110,1.21244156360626,0.0383176952600479 + 0.102309942245483i,
111,1.09137105941772,0.0507490597665310 + 0.0976167768239975i,
112,1.23633813858032,0.0442916378378868 + 0.127452880144119i,
113,0.966757416725159,0.0872165784239769 + 0.126385718584061i,
114,1.11319482326508,0.0715265274047852 + 0.145241841673851i,
115,1.52560651302338,0.00811250600963831 + 0.179398447275162i,
116,1.15422105789185,0.0609563924372196 + 0.137763574719429i,
117,0.9213707447052,0.0739666894078255 + 0.0974145233631134i,
118,0.712677776813507,0.0717538818717003 + 0.0620093792676926i,
119,0.661915898323059,0.101586937904358 + 0.0791544541716576i,
120,1.20246052742004,0.0497461035847664 + 0.128892675042152i,
121,0.9846470952034,0.0727298930287361 + 0.109534151852131i,
122,0.424263656139374,0.144515141844749 + 0.0652769505977631i,
123,0.339512705802918,0.125236555933952 + 0.0442321337759495i,
124,0.417345881462097,0.121963433921337 + 0.0540777221322060i,
125,0.555562257766724,0.102738656103611 + 0.0637785717844963i,
126,0.683438956737518,0.0963838696479797 + 0.0784916579723358i,
127,0.619717180728912,0.0967592447996140 + 0.0690359920263290i,
128,0.689356029033661,0.0952104777097702 + 0.0784776285290718i,
129,-0.485050052404404,0.0907583534717560 - 0.0478338822722435i,
130,-0.82378888130188,0.0409280993044376 - 0.0441977493464947i,
131,-0.933554351329804,0.0338983573019505 - 0.0457921512424946i,
132,-0.624478101730347,0.0704395547509193 - 0.0507651679217815i,
133,-0.11239056289196,0.148602470755577 - 0.0167721956968308i,
134,-0.465497404336929,0.110795386135578 - 0.0556541159749031i,
135,0.375686287879944,0.0473992675542831 + 0.0186951924115419i,
136,0.892260849475861,0.131709054112434 + 0.163361683487892i,
137,1.34285414218903,0.0258590467274189 + 0.111474007368088i,
138,2.12581992149353,-0.0667896047234535 + 0.107718452811241i,
139,1.44076669216156,0.00889528822153807 + 0.0680237263441086i,
140,0.907270014286041,0.0433019585907459 + 0.0553895831108093i,
141,0.525495648384094,0.0791667774319649 + 0.0459074042737484i,
142,0.529415130615234,0.0857038944959641 + 0.0501480624079704i,
143,0.0177378449589014,0.0824601799249649 + 0.00146281940396875i,
144,-0.151528716087341,0.0872888416051865 - 0.0133289378136396i,
145,-0.944705545902252,0.0815740823745728 - 0.112804703414440i,
146,-0.167356818914413,0.131780311465263 - 0.0222625676542521i,
147,-0.422556757926941,0.0715961307287216 - 0.0321926772594452i,
148,-0.943539679050446,0.0377762205898762 - 0.0521107837557793i,
149,-0.756871104240418,0.0700145661830902 - 0.0661297142505646i,
150,-0.000703659490682185,0.102828450500965 - 7.23562261555344e-05i,
151,0.299930930137634,0.102273769676685 + 0.0316292457282543i,
152,0.711933374404907,0.0860142633318901 + 0.0742213651537895i,
153,-0.73367977142334,0.0608629100024700 - 0.0548719465732574i,
154,-1.18823385238647,0.0309085696935654 - 0.0768130496144295i,
155,-0.836497366428375,0.0533384680747986 - 0.0590883977711201i,
156,-0.358847796916962,0.110028818249702 - 0.0412704870104790i,
157,-0.0683714002370834,0.121130146086216 - 0.00829476676881313i,
158,-0.96205461025238,0.0762932971119881 - 0.109452061355114i,
159,-2.51047158241272,-0.0626698732376099 - 0.0458012335002422i,
160,-2.57718849182129,-0.0466767773032188 - 0.0295511614531279i,
161,-0.0792887806892395,0.0974255055189133 - 0.00774097768589854i,
162,0.463097721338272,0.0739526823163033 + 0.0369255244731903i,
163,1.23831868171692,0.0349639989435673 + 0.101258173584938i,
164,2.31766390800476,-0.0878208503127098 + 0.0948632881045342i,
165,1.2551680803299,0.0309691112488508 + 0.0948388725519180i,
166,0.686219930648804,0.0732724592089653 + 0.0600102059543133i,
167,-0.0115871699526906,0.0898361802101135 - 0.00104099372401834i,
168,-0.239878043532372,0.0968907028436661 - 0.0236982498317957i,
169,-2.34310030937195,-0.106810659170151 - 0.109645128250122i,
170,-2.74246501922607,-0.102115891873837 - 0.0430689379572868i,
171,-2.65903210639954,-0.0860870331525803 - 0.0450983941555023i,
172,-1.06849765777588,0.0677351504564285 - 0.123313777148724i,
173,-0.100394830107689,0.186315611004829 - 0.0187682230025530i,
174,-0.399327516555786,0.0567089393734932 - 0.0239312164485455i,
175,-0.775013029575348,0.0422940105199814 - 0.0414245501160622i,
176,-0.739170670509338,0.0587651766836643 - 0.0535685643553734i,
177,2.1353030204773,-0.0555808842182159 + 0.0877714455127716i,
178,1.13139605522156,0.0485307537019253 + 0.103246361017227i,
179,0.453857868909836,0.0964575111865997 + 0.0470541007816792i,
180,-0.128715321421623,0.108950942754745 - 0.0141016198322177i,
181,-0.335499078035355,0.0816448926925659 - 0.0284680034965277i,
182,-0.40582486987114,0.107210859656334 - 0.0460659675300121i,
183,-0.218011394143105,0.164481163024902 - 0.0364378914237022i,
184,-0.522047221660614,0.158050775527954 - 0.0909239798784256i,
185,-1.12407946586609,0.0749314054846764 - 0.156428992748261i,
186,-0.565229773521423,0.129250779747963 - 0.0819784700870514i,
187,-0.246049240231514,0.139888152480125 - 0.0351312011480331i,
188,0.14950992166996,0.102590896189213 + 0.0154536748304963i,
189,0.574539244174957,0.117158398032188 + 0.0758473426103592i,
190,1.22316646575928,0.0466803759336472 + 0.128828570246696i,
191,1.88192331790924,-0.0380400493741035 + 0.118294529616833i,
192,2.10821127891541,-0.0635005533695221 + 0.106558650732040i,
193,1.46686935424805,0.0186031796038151 + 0.178357571363449i,
194,1.69111025333405,-0.0175116732716560 + 0.144846886396408i,
195,1.59899723529816,-0.00578377442434430 + 0.205037340521812i,
196,0.426447093486786,0.0633770972490311 + 0.0287939757108688i,
197,0.801211416721344,0.0825610831379890 + 0.0852143764495850i,
198,2.37051057815552,-0.104514695703983 + 0.101564265787601i,
199,3.14102911949158,-0.226591750979424 + 0.000127694016555324i,
200,-2.50628614425659,-0.149681985378265 - 0.110356643795967i,
201,1.58861720561981,-0.00242750183679163 + 0.136202186346054i,
202,1.94086396694183,-0.0309489704668522 + 0.0797774940729141i,
203,1.78634989261627,-0.0251121204346418 + 0.114690624177456i,
204,-2.79666495323181,-0.164295524358749 - 0.0590298697352409i,
205,2.70240020751953,-0.0792943686246872 + 0.0372520498931408i,
206,1.19158315658569,0.0346117392182350 + 0.0868549197912216i,
207,2.04259204864502,-0.0460353717207909 + 0.0902252569794655i,
208,-0.774110853672028,0.151957020163536 - 0.148564800620079i,
209,0.914132952690125,0.0600013844668865 + 0.0778457969427109i,
210,0.452808082103729,0.115746788680553 + 0.0563134886324406i,
211,1.35213565826416,0.0281234271824360 + 0.126560345292091i,
212,1.50063335895538,0.00769675197079778 + 0.109518125653267i,
213,0.98240602016449,0.0462322458624840 + 0.0692901536822319i,
214,1.1062148809433,0.0315037705004215 + 0.0628607273101807i,
215,1.96581757068634,-0.0364279821515083 + 0.0873704999685288i,
216,2.06810545921326,-0.106450662016869 + 0.196109026670456i,
217,0.793714106082916,0.0773647055029869 + 0.0786622539162636i,
218,1.09176576137543,0.0574552752077580 + 0.110622949898243i,
219,0.784039497375488,0.0704580843448639 + 0.0702668875455856i,
220,0.0267806407064199,0.0802215635776520 + 0.00214889855124056i,
221,1.07927894592285,0.0318950414657593 + 0.0595791675150394i,
222,2.6970841884613,-0.102205321192741 + 0.0486803837120533i,
223,2.97054815292358,-0.229069143533707 + 0.0395676642656326i,
224,1.81685245037079,-0.0313678942620754 + 0.124899461865425i,
225,1.3432742357254,0.0203944928944111 + 0.0880853384733200i,
226,1.66975069046021,-0.0152481291443110 + 0.153589189052582i,
227,-3.13993978500366,-0.154566481709480 - 0.000255487771937624i,
228,1.32096576690674,0.0239694081246853 + 0.0939382240176201i,
229,2.18812012672424,-0.0354475341737270 + 0.0499347969889641i,
230,1.51299238204956,0.00766870612278581 + 0.132519766688347i,
231,0.875442385673523,0.0586439631879330 + 0.0702847242355347i,
232,1.02900564670563,0.0531489402055740 + 0.0883068889379501i,
233,0.771165132522583,0.0619074478745461 + 0.0601698011159897i,
234,0.615695059299469,0.0490421056747437 + 0.0346938520669937i,
235,0.775544762611389,0.0734523683786392 + 0.0720189362764359i,
236,0.828379154205322,0.0743937343358994 + 0.0810802802443504i,
237,0.722886502742767,0.0705742686986923 + 0.0622597597539425i,
238,1.06787288188934,0.0723936036229134 + 0.131599724292755i,
239,1.23126757144928,0.0293023064732552 + 0.0829607844352722i,
240,0.153674632310867,0.0634952038526535 + 0.00983514636754990i,
241,0.393369555473328,0.100698687136173 + 0.0417898818850517i,
242,0.229943320155144,0.0963797271251679 + 0.0225609112530947i,
243,0.662150263786316,0.0510583929717541 + 0.0398028828203678i,
244,1.68738925457001,-0.00810608919709921 + 0.0692093595862389i,
245,0.636709094047546,0.0669385865330696 + 0.0494971424341202i,
246,0.249670669436455,0.101072363555431 + 0.0257725585252047i,
247,0.518765032291412,0.0917163044214249 + 0.0523629598319531i,
248,0.775110423564911,0.0903265699744225 + 0.0884869173169136i,
249,0.551569104194641,0.0687092393636704 + 0.0422744713723660i,
250,0.0689931511878967,0.0984249636530876 + 0.00680144364014268i,
251,0.129010140895844,0.0352334491908550 + 0.00457085901871324i,
252,-0.351125299930573,0.0627467557787895 - 0.0229844041168690i,
253,-0.144726827740669,0.0661889985203743 - 0.00964677147567272i,
254,-0.135901436209679,0.0938602760434151 - 0.0128348600119352i,
255,0.280378878116608,0.0789316222071648 + 0.0227295123040676i,
256,0.4676513671875,0.0950547233223915 + 0.0480040423572063i,
257,1.04724156856537,0.0609049424529076 + 0.105501167476177i,
258,1.4876537322998,0.0118290660902858 + 0.141946494579315i,
259,1.46294748783112,0.0141678545624018 + 0.130857974290848i,
260,1.25802648067474,0.0379905775189400 + 0.117478132247925i,
261,1.2982861995697,0.0301613006740809 + 0.107926122844219i,
262,1.56193470954895,0.000983165809884667 + 0.110943295061588i,
263,1.56984436511993,0.000100081182608847 + 0.105129212141037i,
264,2.62516331672668,-0.104410536587238 + 0.0592874735593796i,
265,1.27991366386414,0.0306697264313698 + 0.102446071803570i,
266,1.23210716247559,0.0344055816531181 + 0.0976702347397804i,
267,1.36650228500366,0.0245383009314537 + 0.118437007069588i,
268,1.30896508693695,0.0296060256659985 + 0.110477119684219i,
269,1.2905205488205,0.0422044359147549 + 0.146618053317070i,
270,1.0491886138916,0.0640218332409859 + 0.111400708556175i,
271,0.93574196100235,0.104916907846928 + 0.142379000782967i,
272,0.643410682678223,0.135892689228058 + 0.101900309324265i,
273,1.5481288433075,0.00277976598590612 + 0.122611269354820i,
274,1.49005770683289,0.00988591369241476 + 0.122177213430405i,
275,1.26372957229614,0.0371375456452370 + 0.117117583751678i,
276,1.26849234104157,0.0273882914334536 + 0.0878216922283173i,
277,1.13755285739899,0.0448847822844982 + 0.0970371663570404i,
278,1.09256565570831,0.0518309585750103 + 0.0999895036220551i,
279,1.43750691413879,0.00976575165987015 + 0.0728328451514244i,
280,1.05272495746613,0.0523893162608147 + 0.0919104740023613i,
281,1.53062641620636,0.00631140405312181 + 0.157033294439316i,
282,1.43162739276886,0.0215304940938950 + 0.153707489371300i,
283,-0.774110853672028,0.151957020163536 - 0.148564800620079i,
284,1.24141764640808,0.0498447194695473 + 0.145816951990128i,
285,1.08506631851196,0.0836267918348312 + 0.158409327268600i,
286,1.28303146362305,0.0377493426203728 + 0.127540081739426i,
287,1.25558888912201,0.0455938577651978 + 0.139824613928795i,
288,1.54591190814972,0.00299014803022146 + 0.120136424899101i,
289,1.55646431446075,0.00141259003430605 + 0.0985548049211502i,
290,1.59065628051758,-0.00338674522936344 + 0.170508399605751i,
291,1.35838437080383,0.0356933847069740 + 0.165503591299057i,
292,1.46636915206909,0.0157875325530767 + 0.150632232427597i,
293,1.14731812477112,0.0427341274917126 + 0.0948065221309662i,
294,1.50613951683044,0.00608670152723789 + 0.0940073728561401i,
295,1.30538296699524,0.0282186809927225 + 0.103811405599117i,
296,1.26746487617493,0.0364425554871559 + 0.116433523595333i,
297,0.996464729309082,0.0552252791821957 + 0.0853431448340416i,
298,0.746204316616058,0.104489915072918 + 0.0966042205691338i,
299,0.542090117931366,0.125557675957680 + 0.0756201669573784i,
300,1.05138826370239,0.0983303487300873 + 0.171973526477814i,
301,1.1870653629303,0.0584374852478504 + 0.144738480448723i,
302,1.2660984992981,0.0396945476531982 + 0.126218304038048i,
303,1.14475834369659,0.0548717379570007 + 0.120906971395016i,
304,1.07735073566437,0.0632932633161545 + 0.117684364318848i,
305,1.00022089481354,0.0854094401001930 + 0.133081972599030i,
306,1.22950220108032,0.0391270034015179 + 0.110156841576099i,
307,1.38446056842804,0.0294112358242273 + 0.156008973717690i,
308,1.23319780826569,0.0436709560453892 + 0.124405510723591i,
309,0.729939341545105,0.0937591344118118 + 0.0838964506983757i,
310,0.727191686630249,0.107003182172775 + 0.0952192172408104i,
311,0.591444849967957,0.101452216506004 + 0.0681404098868370i,
312,0.542575001716614,0.125520542263985 + 0.0756807625293732i,
313,1.66224575042725,-0.0166181251406670 + 0.181212440133095i,
314,1.08231043815613,0.0678451210260391 + 0.127661630511284i,
315,0.288526684045792,0.123570382595062 + 0.0366768017411232i,
316,0.321911782026291,0.128948926925659 + 0.0430060774087906i,
317,0.687370777130127,0.112511008977890 + 0.0923631563782692i,
318,0.894533336162567,0.0774431601166725 + 0.0965024679899216i,
319,1.400226354599,0.0240681674331427 + 0.139733225107193i,
320,1.51813805103302,0.00891742669045925 + 0.169188708066940i,
321,0.116999141871929,0.109370552003384 + 0.0128549709916115i,
322,-0.0504536703228951,0.120407685637474 - 0.00608016969636083i,
323,0.14158995449543,0.113681942224503 + 0.0162046551704407i,
324,0.228832498192787,0.0967822521924973 + 0.0225417651236057i,
325,0.401006996631622,0.0962927490472794 + 0.0408262684941292i,
326,0.789682328701019,0.0747610703110695 + 0.0754044055938721i,
327,1.00387370586395,0.0518201850354672 + 0.0813969671726227i,
328,2.27998232841492,-0.0833583995699883 + 0.0971413627266884i,
329,0.196471720933914,0.0898648127913475 + 0.0178866367787123i,
330,-0.00858388282358646,0.0687762498855591 - 0.000590381736401469i,
331,-0.927998721599579,0.0355668887495995 - 0.0474920868873596i,
332,-0.624825298786163,0.0622851997613907 - 0.0449212640523911i,
333,-0.422294914722443,0.0756073519587517 - 0.0339724980294704i,
334,-0.622458279132843,0.0552156493067741 - 0.0396242253482342i,
335,-0.406601637601852,0.106736838817596 - 0.0459605455398560i,
336,0.457933723926544,0.0968467518687248 + 0.0477336272597313i,
337,-1.24121403694153,0.0244644414633513 - 0.0715212747454643i,
338,-0.918156981468201,0.0382652841508389 - 0.0500607192516327i,
339,-1.00957691669464,0.0406035259366035 - 0.0645884945988655i,
340,0.146308839321136,0.111858136951923 + 0.0164836198091507i,
341,0.901902794837952,0.0593806169927120 + 0.0751220956444740i,
342,1.10963189601898,0.0528426170349121 + 0.106344580650330i,
343,1.66294288635254,-0.00823248736560345 + 0.0890881717205048i,
344,0.848396956920624,0.0677869468927383 + 0.0769150778651238i,
345,-0.56243371963501,0.0473664514720440 - 0.0298572089523077i,
346,-1.09048128128052,0.0294775292277336 - 0.0565775148570538i,
347,-0.883093357086182,0.0750710368156433 - 0.0913849174976349i,
348,-0.890132904052734,0.0744317397475243 - 0.0919183641672134i,
349,-0.95194935798645,0.0891602709889412 - 0.125195249915123i,
350,-1.04007172584534,0.0615433380007744 - 0.104863367974758i,
351,-1.10387015342712,0.0604824721813202 - 0.119979932904243i,
352,-1.08374083042145,0.0531107373535633 - 0.100282385945320i,
353,-0.774110853672028,0.151957020163536 - 0.148564800620079i,
354,2.59140920639038,-0.0778460353612900 + 0.0477474704384804i,
355,3.07712411880493,-0.214333787560463 + 0.0138369556516409i,
356,2.58351469039917,-0.100746415555477 + 0.0628934800624847i,
357,2.20609760284424,-0.102484583854675 + 0.139006301760674i,
358,1.08649563789368,0.0458138175308704 + 0.0870836898684502i,
359,0.380019068717957,0.0673525109887123 + 0.0269029382616282i,
360,-0.837699472904205,0.0393257178366184 - 0.0436704903841019i,
361,0.979819416999817,0.0876751989126205 + 0.130669042468071i,
362,1.08795368671417,0.0910943374037743 + 0.173768118023872i,
363,0.0930805876851082,0.143611416220665 + 0.0134061742573977i,
364,-0.0612499117851257,0.0762778893113136 - 0.00467786518856883i,
365,-0.0481465943157673,0.100955359637737 - 0.00486441608518362i,
366,0.601515710353851,0.0744530335068703 + 0.0511019006371498i,
367,1.01595902442932,0.0651309788227081 + 0.105087131261826i,
368,1.66647636890411,-0.0126288356259465 + 0.131587162613869i,
369,1.41748547554016,0.0187889207154512 + 0.121592693030834i,
370,1.46326005458832,0.0137043772265315 + 0.126947939395905i,
371,1.6940850019455,-0.0169567186385393 + 0.136839166283607i,
372,1.97234952449799,-0.0471405014395714 + 0.111016690731049i,
373,1.84681808948517,-0.0388911776244640 + 0.137302324175835i,
374,1.78801906108856,-0.0275353528559208 + 0.124760806560516i,
375,1.5024801492691,0.0111658237874508 + 0.163188964128494i,
376,1.39493870735168,0.0277405474334955 + 0.156114935874939i,
377,1.76336169242859,-0.0303546711802483 + 0.155679777264595i,
378,1.63059031963348,-0.00817950535565615 + 0.136631488800049i,
379,1.53077733516693,0.00572764407843351 + 0.143046543002129i,
380,1.24967730045319,0.0371719747781754 + 0.111751139163971i,
381,1.01495182514191,0.0668808892369270 + 0.107668243348598i,
382,1.09715127944946,0.0731705129146576 + 0.142755001783371i,
383,1.28605175018311,0.0340316221117973 + 0.116268612444401i,
384,1.05744111537933,0.0577457174658775 + 0.102427437901497i,
385,0.725950539112091,0.0982904508709908 + 0.0872476398944855i,
386,0.9117870926857,0.0757444649934769 + 0.0977955386042595i,
387,0.922924220561981,0.0858202800154686 + 0.113391064107418i,
388,0.991694033145905,0.0771388188004494 + 0.117969803512096i,
389,0.993200778961182,0.0679945945739746 + 0.104328222572804i,
390,1.54596257209778,0.00407687434926629 + 0.164132952690125i,
391,1.23775291442871,0.0759356170892716 + 0.219512179493904i,
392,0.849763751029968,0.102762125432491 + 0.116921767592430i,
393,1.87645959854126,-0.0558502152562141 + 0.176991894841194i,
394,1.69203972816467,-0.0177430398762226 + 0.145624518394470i,
395,1.49436342716217,0.0120340790599585 + 0.157139644026756i,
396,1.41810727119446,0.0286689568310976 + 0.186298996210098i,
397,1.79365861415863,-0.0408714562654495 + 0.180347010493279i,
398,1.77883684635162,-0.0378479063510895 + 0.179293379187584i,
399,1.44084858894348,0.0211734417825937 + 0.162019938230515i,
400,1.07586300373077,0.0592774264514446 + 0.109825529158115i,
401,1.95732653141022,-0.0617825351655483 + 0.151798099279404i,
402,1.81472313404083,-0.0378881320357323 + 0.152232840657234i,
403,1.36719250679016,0.0350225903093815 + 0.169629871845245i,
404,1.34196841716766,0.0339367240667343 + 0.145709112286568i,
405,1.10372853279114,0.0538403838872910 + 0.106766290962696i,
406,1.55566120147705,0.00209003640338779 + 0.138080716133118i,
407,2.01236796379089,-0.0709267258644104 + 0.150045335292816i,
408,2.37518262863159,-0.158182173967361 + 0.152286231517792i,
409,-0.774110853672028,0.151957020163536 - 0.148564800620079i,
410,1.22204554080963,0.0451925732195377 + 0.124287419021130i,
411,1.61907804012299,-0.00649151671677828 + 0.134346410632133i,
412,1.85048890113831,-0.0411671288311482 + 0.143328830599785i,
413,2.20659399032593,-0.122994489967823 + 0.166651904582977i,
414,1.95371723175049,-0.0946670919656754 + 0.235020443797112i,
415,1.25743675231934,0.0401717387139797 + 0.123973160982132i,
416,1.42196345329285,0.0281270146369934 + 0.187586486339569i,
417,2.04424071311951,-0.0742564052343369 + 0.144945234060287i,
418,2.5924186706543,-0.147701516747475 + 0.0903887972235680i,
419,2.05425953865051,-0.0764566734433174 + 0.145626023411751i,
420,2.22144460678101,-0.113208711147308 + 0.148718610405922i,
421,2.43859696388245,-0.163756757974625 + 0.138771116733551i,
422,2.16746520996094,-0.0982927083969116 + 0.144706100225449i,
423,1.78392517566681,-0.0232075601816177 + 0.107236050069332i,
424,1.26180493831635,0.0339867509901524 + 0.106469541788101i,
425,2.02336883544922,-0.0976265296339989 + 0.200781926512718i,
426,1.64600884914398,-0.0136821381747723 + 0.181569814682007i,
427,2.4092435836792,-0.162201568484306 + 0.145844683051109i,
428,1.88813149929047,-0.0438138656318188 + 0.133402109146118i,
429,1.38889527320862,0.0234763696789742 + 0.127634555101395i,
430,1.21663248538971,0.0443218573927879 + 0.119868367910385i,
431,1.35583245754242,0.0229825656861067 + 0.105261743068695i,
432,1.51881122589111,0.00718217389658093 + 0.138033807277679i,
433,2.51240825653076,-0.161307632923126 + 0.117410406470299i,
434,2.49130296707153,-0.100983291864395 + 0.0768141001462936i,
435,1.70009136199951,-0.0161303114145994 + 0.124059863388538i,
436,1.40594327449799,0.0233897790312767 + 0.140594974160194i,
437,1.32839417457581,0.0352526195347309 + 0.142570644617081i,
438,1.66319239139557,-0.0112157147377729 + 0.121041625738144i,
439,2.10122394561768,-0.0716004744172096 + 0.122082673013210i,
440,2.51530599594116,-0.158468320965767 + 0.114642716944218i,
441,2.16762399673462,-0.125324815511704 + 0.184439644217491i,
442,2.3029203414917,-0.137852430343628 + 0.153382375836372i,
443,1.84194910526276,-0.0409963279962540 + 0.147468954324722i,
444,1.40220654010773,0.0263420119881630 + 0.154765993356705i,
445,1.41508841514587,0.0203227959573269 + 0.129462242126465i,
446,1.77059733867645,-0.0217294078320265 + 0.107304140925407i,
447,2.17345666885376,-0.0950631871819496 + 0.138163328170776i,
448,2.5429790019989,-0.165577486157417 + 0.112940996885300i,
449,-0.0575218498706818,0.158937752246857 - 0.00915249064564705i,
450,-0.119759283959866,0.185311228036881 - 0.0222994517534971i,
451,-0.120024994015694,0.164002209901810 - 0.0197794362902641i,
452,-0.635495185852051,0.0779870450496674 - 0.0575205273926258i,
453,-0.994948863983154,0.0719594433903694 - 0.110834807157516i,
454,-1.56537091732025,0.000668359920382500 - 0.123188510537148i,
455,-0.794410288333893,0.0767670795321465 - 0.0781633779406548i,
456,0.335439443588257,0.0972627103328705 + 0.0339071303606033i,
457,0.554125487804413,0.122673898935318 + 0.0759100988507271i,
458,0.911637127399445,0.109973341226578 + 0.141945317387581i,
459,1.92889297008514,-0.0752166435122490 + 0.200989648699760i,
460,1.93864858150482,-0.103366486728191 + 0.268209666013718i,
461,2.24560189247131,-0.192088440060616 + 0.240078762173653i,
462,1.50995087623596,0.00590594531968236 + 0.0969448536634445i,
463,0.701211094856262,0.108624100685120 + 0.0917179286479950i,
464,0.192060187458992,0.183591529726982 + 0.0357006713747978i,
465,-0.894588530063629,0.0904755964875221 - 0.112755030393600i,
466,-1.11562871932983,0.0524400398135185 - 0.107141949236393i,
467,-0.761376976966858,0.0687695071101189 - 0.0655425563454628i,
468,-0.389105379581451,0.102810680866241 - 0.0421533584594727i,
469,0.102401927113533,0.140583127737045 + 0.0144465137273073i,
470,0.116096526384354,0.139695540070534 + 0.0162914264947176i,
471,0.0296760573983192,0.123966664075851 + 0.00367992231622338i,
472,0.23156301677227,0.105287037789822 + 0.0248259119689465i,
473,-0.348532944917679,0.113526009023190 - 0.0412515886127949i,
474,-0.604901373386383,0.127183124423027 - 0.0879288837313652i,
475,-0.0165752936154604,0.129069283604622 - 0.00213955715298653i,
476,0.755741000175476,0.104772888123989 + 0.0987356379628182i,
477,1.85490643978119,-0.0613555125892162 + 0.210114717483521i,
478,1.89116394519806,-0.0675723478198052 + 0.203655362129211i,
479,0.60521674156189,0.141811832785606 + 0.0981086492538452i,
480,-0.171126171946526,0.194909632205963 - 0.0336835794150829i,
481,0.775518000125885,0.0822851434350014 + 0.0806750208139420i,
482,1.4353631734848,0.0250367317348719 + 0.183732539415360i,
483,0.909380257129669,0.0937113314867020 + 0.120393335819244i,
484,0.191074565052986,0.135735303163528 + 0.0262558739632368i,
485,0.0434843525290489,0.130523905158043 + 0.00567932752892375i,
486,0.132386803627014,0.149509355425835 + 0.0199095141142607i,
487,0.377486407756805,0.135766550898552 + 0.0538315810263157i,
488,0.0992018729448319,0.139591798186302 + 0.0138933723792434i,
489,0.30893686413765,0.169419109821320 + 0.0540710724890232i,
490,0.754302620887756,0.117551371455193 + 0.110458984971046i,
491,0.610516726970673,0.132354408502579 + 0.0926068350672722i,
492,0.42943662405014,0.114893704652786 + 0.0526143461465836i,
493,0.299147248268127,0.137317463755608 + 0.0423489995300770i,
494,0.100733987987041,0.158103093504906 + 0.0159804448485374i,
495,0.340686053037643,0.117940239608288 + 0.0418108738958836i,
496,0.621597826480866,0.0884510576725006 + 0.0633596107363701i,
497,0.847937941551209,0.0766504853963852 + 0.0868917405605316i,
498,0.811126291751862,0.0984311774373055 + 0.103630997240543i,
499,1.07841467857361,0.0652208551764488 + 0.121578343212605i,
500,1.37904942035675,0.0240589845925570 + 0.123931057751179i,
501,0.756418645381928,0.0936408191919327 + 0.0883649066090584i,
502,0.452265173196793,0.0948646068572998 + 0.0460901446640492i,
503,0.197144374251366,0.127462938427925 + 0.0254592932760716i,
504,0.0287210084497929,0.163636147975922 + 0.00470108771696687i,
505,0.969367206096649,0.0674398764967918 + 0.0982749238610268i,
506,0.651081919670105,0.106866255402565 + 0.0814227834343910i,
507,0.253738433122635,0.107459060847759 + 0.0278671346604824i,
508,0.567502617835999,0.0985990390181541 + 0.0628520324826241i,
509,0.832916676998138,0.0795609131455421 + 0.0875056460499764i,
510,0.860782146453857,0.0995836779475212 + 0.115855142474175i,
511,1.05699646472931,0.0929241925477982 + 0.164654657244682i,
512,1.02000975608826,0.0770671069622040 + 0.125478029251099i,
513,3.06966829299927,-0.119165666401386 + 0.00858571659773588i,
514,-2.93392276763916,-0.162296354770660 - 0.0341970883309841i,
515,-3.07478213310242,-0.144955530762672 - 0.00969899818301201i,
516,3.07978773117065,-0.145727679133415 + 0.00901816971600056i,
517,2.9071364402771,-0.158485323190689 + 0.0378540419042110i,
518,3.11649012565613,-0.195713222026825 + 0.00491391867399216i,
519,2.63492751121521,-0.143111556768417 + 0.0794252902269363i,
520,3.14147472381592,-0.204828262329102 + 2.41601410380099e-05i,
521,-2.30331420898438,-0.111087553203106 - 0.123504430055618i,
522,-2.43141436576843,-0.115797400474548 - 0.0995670929551125i,
523,-2.6767897605896,-0.128305092453957 - 0.0643379390239716i,
524,-2.5663914680481,-0.117182888090611 - 0.0759733095765114i,
525,-2.50898861885071,-0.122185751795769 - 0.0895756930112839i,
526,-2.4469428062439,-0.104533970355988 - 0.0870959758758545i,
527,-2.87022542953491,-0.109294287860394 - 0.0304090194404125i,
528,3.03362035751343,-0.0846091434359551 + 0.00917111616581678i,
529,1.9837384223938,-0.0443280488252640 + 0.101174734532833i,
530,2.14806270599365,-0.0588924586772919 + 0.0904273316264153i,
531,2.35288906097412,-0.0624057501554489 + 0.0628196969628334i,
532,2.51732635498047,-0.0797658711671829 + 0.0574608854949474i,
533,2.49806833267212,-0.0762106478214264 + 0.0571607574820519i,
534,2.92416834831238,-0.108603201806545 + 0.0239922292530537i,
535,-2.82550358772278,-0.116457931697369 - 0.0380880907177925i,
536,-2.22012233734131,-0.0985130667686462 - 0.129769057035446i,
537,2.24906921386719,-0.0556016229093075 + 0.0690010190010071i,
538,1.6280130147934,-0.00506669515743852 + 0.0884560942649841i,
539,1.2496829032898,0.0281273163855076 + 0.0845614969730377i,
540,1.43249714374542,0.0147191192954779 + 0.105750121176243i,
541,1.31851029396057,0.0186174605041742 + 0.0722227245569229i,
542,1.71306598186493,-0.0128213129937649 + 0.0895109623670578i,
543,2.01657819747925,-0.0675208643078804 + 0.141297534108162i,
544,2.09229874610901,-0.0662492886185646 + 0.115304663777351i,
545,-2.81710505485535,-0.115960158407688 - 0.0390063710510731i,
546,-2.96128511428833,-0.110721580684185 - 0.0201831236481667i,
547,-2.96962952613831,-0.106641456484795 - 0.0185213349759579i,
548,-2.76032972335815,-0.131575584411621 - 0.0527457334101200i,
549,-2.20724725723267,-0.115918524563313 - 0.156849771738052i,
550,-2.43167734146118,-0.120857141911983 - 0.103862397372723i,
551,-2.86435484886169,-0.119799308478832 - 0.0340908169746399i,
552,2.73713159561157,-0.100157350301743 + 0.0428735092282295i,
553,1.76987504959106,-0.0215545743703842 + 0.106837466359138i,
554,1.99626874923706,-0.0778484120965004 + 0.171792984008789i,
555,0.977304339408875,0.0488956458866596 + 0.0724782645702362i,
556,1.21944499015808,0.0378076136112213 + 0.103141508996487i,
557,1.49293684959412,0.00763218896463513 + 0.0978270024061203i,
558,2.05793285369873,-0.0451069697737694 + 0.0851531550288200i,
559,3.01258015632629,-0.132608875632286 + 0.0172037631273270i,
560,-2.76197814941406,-0.152999013662338 - 0.0610413923859596i,
561,3.0436863899231,-0.114355199038982 + 0.0112320147454739i,
562,2.93081831932068,-0.0865699574351311 + 0.0185218323022127i,
563,3.13427352905273,-0.0988021418452263 + 0.000723158998880535i,
564,-3.09710025787354,-0.159538030624390 - 0.00710291787981987i,
565,2.91728448867798,-0.149569213390350 + 0.0341238379478455i,
566,2.00425958633423,-0.0530261732637882 + 0.114572048187256i,
567,1.29565691947937,0.0298600867390633 + 0.105774611234665i,
568,1.38341450691223,0.0251775681972504 + 0.132788732647896i,
569,1.14032340049744,0.0581619925796986 + 0.126661166548729i,
570,1.30184185504913,0.0274082347750664 + 0.0994374752044678i,
571,1.87884557247162,-0.0314524844288826 + 0.0988518744707108i,
572,-0.774110853672028,0.151957020163536 - 0.148564800620079i,
573,-0.774110853672028,0.151957020163536 - 0.148564800620079i,
574,2.38663482666016,-0.0869051292538643 + 0.0817690491676331i,
575,2.29425644874573,-0.0712415501475334 + 0.0806622356176376i,
576,2.34237337112427,-0.0740416124463081 + 0.0761171281337738i,
577,2.64346170425415,-0.221245840191841 + 0.120330758392811i,
578,-3.00906276702881,-0.222564190626144 - 0.0296703390777111i,
579,-2.97943902015686,-0.151895925402641 - 0.0248486641794443i,
580,-2.66533827781677,-0.177304804325104 - 0.0914643183350563i,
581,-2.63929986953735,-0.180225223302841 - 0.0989947021007538i,
582,3.08364915847778,-0.127909854054451 + 0.00741985626518726i,
583,2.06042337417603,-0.0827066972851753 + 0.155198439955711i,
584,1.86682426929474,-0.0545826964080334 + 0.178965851664543i,
585,2.43915891647339,-0.108953088521957 + 0.0922241210937500i,
586,2.56135702133179,-0.137734219431877 + 0.0902855172753334i,
587,3.04765367507935,-0.155305251479149 + 0.0146322948858142i,
588,2.99986600875855,-0.176427528262138 + 0.0251732692122459i,
589,2.33799815177918,-0.0925554335117340 + 0.0959865972399712i,
590,1.6523505449295,-0.0158574450761080 + 0.194009110331535i,
591,1.30791699886322,0.0246553942561150 + 0.0916192978620529i,
592,1.97640979290009,-0.0538649633526802 + 0.125434830784798i,
593,-2.9516453742981,-0.167416170239449 - 0.0321882963180542i,
594,-2.65272569656372,-0.159346297383308 - 0.0847616568207741i,
595,-2.88129186630249,-0.143637403845787 - 0.0382569283246994i,
596,2.91448307037354,-0.116966597735882 + 0.0270305834710598i,
597,2.79508352279663,-0.104481473565102 + 0.0377258993685246i,
598,2.70199632644653,-0.161817103624344 + 0.0761005803942680i,
599,2.25812172889709,-0.0938717797398567 + 0.114359296858311i,
600,2.11993789672852,-0.0657275244593620 + 0.107411161065102i,
601,2.75296068191528,-0.0657208114862442 + 0.0269098132848740i,
602,-2.89545202255249,-0.135515064001083 - 0.0340461246669292i,
603,-2.26304864883423,-0.138804718852043 - 0.167410179972649i,
604,-2.75149488449097,-0.155965760350227 - 0.0641282945871353i,
605,2.92439675331116,-0.118302717804909 + 0.0261066742241383i,
606,2.47666358947754,-0.115984782576561 + 0.0909359678626061i,
607,2.63869976997376,-0.185214817523956 + 0.101880133152008i,
608,3.03145337104797,-0.129887297749519 + 0.0143638253211975i,
609,-2.6020245552063,-0.160452306270599 - 0.0960856676101685i,
610,-2.34656763076782,-0.0954058989882469 - 0.0972607210278511i,
611,-2.93557906150818,-0.259031563997269 - 0.0541319847106934i,
612,2.85592746734619,-0.139733955264092 + 0.0410396046936512i,
613,2.80585861206055,-0.161430984735489 + 0.0563304014503956i,
614,2.72053551673889,-0.126440361142159 + 0.0566251836717129i,
615,3.1345739364624,-0.189481452107430 + 0.00132993981242180i,
616,-3.05198764801025,-0.0887043550610542 - 0.00796968769282103i,
617,-2.31337976455688,-0.0969418585300446 - 0.105619810521603i,
618,-3.11466121673584,-0.144385576248169 - 0.00388945429585874i,
619,-2.68809056282043,-0.119278654456139 - 0.0581342354416847i,
620,-2.54147338867188,-0.207265987992287 - 0.141834601759911i,
621,-2.62937831878662,-0.128178000450134 - 0.0720706060528755i,
622,-3.12321472167969,-0.116315245628357 - 0.00213788589462638i,
623,3.06081128120422,-0.137405514717102 + 0.0111240204423666i,
624,-3.140380859375,-0.146439343690872 - 0.000177467605681159i,
625,-2.84324789047241,-0.121137864887714 - 0.0372527316212654i,
626,-2.91104030609131,-0.146429419517517 - 0.0343708097934723i,
627,-2.58248329162598,-0.134628996253014 - 0.0842386484146118i,
628,2.86824464797974,-0.175164103507996 + 0.0491100363433361i,
629,2.75503182411194,-0.127991676330566 + 0.0520977675914764i,
630,-3.05639219284058,-0.124118417501450 - 0.0106006078422070i,
631,-2.38891053199768,-0.0959638953208923 - 0.0898816064000130i,
632,-2.22197031974793,-0.120238661766052 - 0.157781407237053i,
633,-2.76689147949219,-0.180962368845940 - 0.0711691752076149i,
634,-3.05615019798279,-0.191235303878784 - 0.0163795035332441i,
635,-2.71971535682678,-0.120511017739773 - 0.0540884993970394i,
636,-2.29490518569946,-0.148459449410439 - 0.167871430516243i,
637,-2.19237017631531,-0.0812227949500084 - 0.113394111394882i,
638,-2.34091591835022,-0.0871488600969315 - 0.0898534283041954i,
639,-2.09978818893433,-0.107761062681675 - 0.184344470500946i,
640,-2.02007865905762,-0.0711225122213364 - 0.147505000233650i,
641,-2.3821177482605,-0.130321100354195 - 0.123733684420586i,
642,-2.44230222702026,-0.102766811847687 - 0.0864347293972969i,
643,-2.50080013275147,-0.0722368285059929 - 0.0538725182414055i,
644,-2.31058502197266,-0.0972139909863472 - 0.106512278318405i,
645,-2.11053037643433,-0.0851810649037361 - 0.142189219594002i,
646,-2.02215695381165,-0.0643394291400909 - 0.132731318473816i,
647,-1.97918081283569,-0.0625499114394188 - 0.144553273916245i,
648,-2.40648365020752,-0.105524837970734 - 0.0954113751649857i,
649,2.05428457260132,-0.0466758981347084 + 0.0888975858688355i,
650,1.5340381860733,0.00403633061796427 + 0.109758451581001i,
651,1.61584603786469,-0.00443298043683171 + 0.0983353555202484i,
652,1.87257695198059,-0.0265873000025749 + 0.0854104980826378i,
653,2.01185750961304,-0.0457962937653065 + 0.0970100760459900i,
654,2.64525008201599,-0.0837766379117966 + 0.0453703366219997i,
655,-2.99589347839355,-0.0809455290436745 - 0.0118778701871634i,
656,-2.61086750030518,-0.130628004670143 - 0.0766644850373268i,
657,-2.15150666236877,-0.0734730660915375 - 0.111970201134682i,
658,-2.13889455795288,-0.0882916823029518 - 0.138325616717339i,
659,-2.08799266815186,-0.0619254708290100 - 0.108861789107323i,
660,-2.35352659225464,-0.0939350053668022 - 0.0944375917315483i,
661,-2.53416776657105,-0.0943569839000702 - 0.0655868500471115i,
662,-2.64081501960754,-0.0953625142574310 - 0.0521931052207947i,
663,-2.74905180931091,-0.152797207236290 - 0.0632623657584190i,
664,3.07901906967163,-0.153611779212952 + 0.00962460599839687i,
665,-2.48107171058655,-0.101037725806236 - 0.0785002484917641i,
666,-2.020423412323,-0.0736599043011665 - 0.152632892131805i,
667,-1.86307299137115,-0.0528029687702656 - 0.175487041473389i,
668,-1.96614849567413,-0.0587378703057766 - 0.140748411417007i,
669,-2.39273715019226,-0.0858578160405159 - 0.0798014849424362i,
670,-2.47687268257141,-0.0877967327833176 - 0.0688059255480766i,
671,-2.54209136962891,-0.116846032440662 - 0.0798531472682953i,
672,-2.21342873573303,-0.107582390308380 - 0.143703073263168i,
673,2.5612530708313,-0.131557092070580 + 0.0862559378147125i,
674,2.05841493606567,-0.0429556593298912 + 0.0809974968433380i,
675,1.0471853017807,0.0344845876097679 + 0.0597273744642735i,
676,1.45410871505737,0.0111009888350964 + 0.0947021022439003i,
677,2.34442782402039,-0.0989212989807129 + 0.101277083158493i,
678,-3.04035401344299,-0.163101047277451 - 0.0165687743574381i,
679,-2.84757041931152,-0.108862966299057 - 0.0329635329544544i,
680,-3.11334419250488,-0.0897851809859276 - 0.00253697764128447i,
681,-3.10313606262207,-0.127250701189041 - 0.00489602936431766i,
682,-2.91643667221069,-0.110115885734558 - 0.0252208802849054i,
683,-2.5774245262146,-0.105301648378372 - 0.0666318535804749i,
684,-2.02610421180725,-0.0614723302423954 - 0.125551491975784i,
685,-1.79397022724152,-0.0369564518332481 - 0.162836477160454i,
686,-2.15875387191772,-0.101707167923450 - 0.152575626969337i,
687,-3.13707184791565,-0.119094260036945 - 0.000538396125193685i,
688,3.10774946212769,-0.0939955189824104 + 0.00318232644349337i,
689,2.16988706588745,-0.0757995024323463 + 0.111012309789658i,
690,2.29219007492065,-0.0991586148738861 + 0.112739607691765i,
691,2.65783596038818,-0.0577636472880840 + 0.0303487330675125i,
692,-2.91925764083862,-0.136873349547386 - 0.0309432819485664i,
693,-2.08841466903687,-0.0938347205519676 - 0.164794638752937i,
694,-2.23219752311707,-0.0994544923305512 - 0.127775654196739i,
695,-2.54756498336792,-0.104294724762440 - 0.0704411417245865i,
696,2.72369360923767,-0.106333248317242 + 0.0472178161144257i,
697,-2.80663418769836,-0.135008797049522 - 0.0469931103289127i,
698,-2.33426141738892,-0.121624454855919 - 0.127080202102661i,
699,3.10491824150085,-0.155966341495514 + 0.00572254275903106i,
700,1.87379944324493,-0.0229616723954678 + 0.0734468251466751i,
701,1.36839127540588,0.0192522723227739 + 0.0938150659203529i,
702,1.18412721157074,0.0241035595536232 + 0.0591982826590538i,
703,1.00435364246368,0.0425238609313965 + 0.0668655037879944i,
704,1.26158940792084,0.0327571593225002 + 0.102541305124760i,
705,-2.16822290420532,-0.0935898497700691 - 0.137558162212372i,
706,-2.47838592529297,-0.126898229122162 - 0.0991400033235550i,
707,-2.22711181640625,-0.0832065492868424 - 0.108029864728451i,
708,-2.06908893585205,-0.126494511961937 - 0.232489272952080i,
709,-2.89680051803589,-0.177346020936966 - 0.0443013608455658i,
710,2.81733775138855,-0.102837041020393 + 0.0345654152333736i,
711,2.69322443008423,-0.120249174535275 + 0.0578451491892338i,
712,-3.09664487838745,-0.165542513132095 - 0.00744577217847109i,
713,-2.60745787620544,-0.0942454636096954 - 0.0557447597384453i,
714,2.59561371803284,-0.0782743468880653 + 0.0475584231317043i,
715,1.75636541843414,-0.0111460369080305 + 0.0593730136752129i,
716,1.92878746986389,-0.0289824362844229 + 0.0774701312184334i,
717,2.53963160514832,-0.0807946398854256 + 0.0555074997246265i,
718,-1.97093141078949,-0.0469187907874584 - 0.110931582748890i,
719,-1.12544119358063,0.108082197606564 - 0.226426407694817i,
720,-1.43848276138306,0.0182433817535639 - 0.137074351310730i,
721,3.1391453742981,-0.152966871857643 + 0.000374354363884777i,
722,-2.98744869232178,-0.154647901654243 - 0.0240286421030760i,
723,-3.0487916469574,-0.146852314472199 - 0.0136673124507070i,
724,3.1126024723053,-0.114377804100513 + 0.00331677007488906i,
725,-2.77408361434937,-0.101867824792862 - 0.0392191410064697i,
726,-1.97393465042114,-0.0462397225201130 - 0.108417332172394i,
727,-1.37080669403076,0.0379839651286602 - 0.187390774488449i,
728,-1.31874990463257,0.0544177293777466 - 0.211312159895897i,
729,3.07467103004456,-0.0818032622337341 + 0.00548258703202009i,
730,2.60793781280518,-0.117581784725189 + 0.0694716870784760i,
731,2.64917373657227,-0.0842347890138626 + 0.0451919101178646i,
732,2.77119112014771,-0.128562405705452 + 0.0499240271747112i,
733,2.64956545829773,-0.109047435224056 + 0.0584488585591316i,
734,2.90620756149292,-0.128280952572823 + 0.0307657308876514i,
735,2.76472663879395,-0.158301055431366 + 0.0626529008150101i,
736,2.93786334991455,-0.107812069356442 + 0.0222734920680523i,
737,-2.81026649475098,-0.132149741053581 - 0.0454604625701904i,
738,2.68977069854736,-0.105897128582001 + 0.0513923093676567i,
739,2.17987322807312,-0.0638601034879684 + 0.0915497168898583i,
740,2.90571093559265,-0.0704712569713593 + 0.0169381983578205i,
741,-2.581223487854,-0.140391498804092 - 0.0880906134843826i,
742,-1.62364220619202,-0.00799407064914703 - 0.151130646467209i,
743,-1.56436383724213,0.00117902189958841 - 0.183289840817451i,
744,-2.2883505821228,-0.0748592093586922 - 0.0857739672064781i,
745,2.88704133033752,-0.106280878186226 + 0.0276538282632828i,
746,-2.93464207649231,-0.0916716977953911 - 0.0192470736801624i,
747,-2.41435384750366,-0.0906003788113594 - 0.0806304514408112i,
748,-1.99340462684631,-0.0685662999749184 - 0.152469605207443i,
749,-2.09729337692261,-0.0721086412668228 - 0.124063983559608i,
750,-2.08941078186035,-0.0712939724326134 - 0.124918557703495i,
751,-2.48706746101379,-0.125859037041664 - 0.0965803861618042i,
752,-2.72978854179382,-0.107271879911423 - 0.0468539781868458i,
753,2.26631140708923,-0.0723651871085167 + 0.0867011994123459i,
754,2.28409767150879,-0.0773031860589981 + 0.0893383622169495i,
755,2.21218085289001,-0.0753371492028236 + 0.100893720984459i,
756,2.55745840072632,-0.126663118600845 + 0.0837361440062523i,
757,2.62499094009399,-0.141267016530037 + 0.0802478939294815i,
758,2.42169260978699,-0.0995614826679230 + 0.0873045921325684i,
759,2.57132148742676,-0.0841192379593849 + 0.0539499931037426i,
760,2.51412582397461,-0.0708313956856728 + 0.0513699203729630i,
761,-0.774110853672028,0.151957020163536 - 0.148564800620079i,
762,-1.83747339248657,-0.0373731367290020 - 0.136805757880211i,
763,-1.83805239200592,-0.0387699231505394 - 0.141596138477325i,
764,-2.07702827453613,-0.0548783093690872 - 0.0989828780293465i,
765,-2.0780553817749,-0.0712918564677239 - 0.128276824951172i,
766,-2.2520706653595,-0.105272255837917 - 0.129842147231102i,
767,-3.04840326309204,-0.125459954142571 - 0.0117255067452788i,
768,2.75231146812439,-0.0772212296724320 + 0.0316772945225239i,
769,-2.23940014839172,-0.0584026500582695 - 0.0739289000630379i,
770,-2.49846267700195,-0.132211521267891 - 0.0990819782018662i,
771,-2.49788165092468,-0.167243629693985 - 0.125487580895424i,
772,-2.61718726158142,-0.173530176281929 - 0.100374415516853i,
773,-2.83264589309692,-0.136439219117165 - 0.0435468479990959i,
774,3.08122992515564,-0.137326106429100 + 0.00829945504665375i,
775,2.69681406021118,-0.123553745448589 + 0.0588895864784718i,
776,2.84973311424255,-0.124396815896034 + 0.0373736657202244i,
777,-1.31470465660095,0.0533197820186615 - 0.203634232282639i,
778,-1.48465240001678,0.0134168136864901 - 0.155363425612450i,
779,-1.00160193443298,0.0855275616049767 - 0.133671775460243i,
780,-1.69883477687836,-0.0175240300595760 - 0.136116564273834i,
781,-1.62349236011505,-0.00994733534753323 - 0.188593342900276i,
782,-1.35030841827393,0.0411897748708725 - 0.183774784207344i,
783,-1.49218261241913,0.0108387609943748 - 0.137589588761330i,
784,-0.774110853672028,0.151957020163536 - 0.148564800620079i,
785,2.78331780433655,-0.137228891253471 + 0.0513832420110703i,
786,-0.774110853672028,0.151957020163536 - 0.148564800620079i,
787,-0.774110853672028,0.151957020163536 - 0.148564800620079i,
788,-2.5417320728302,-0.114368379116058 - 0.0782202184200287i,
789,-2.27584648132324,-0.0834774076938629 - 0.0980981066823006i,
790,-2.30727076530457,-0.0963272228837013 - 0.106245756149292i,
791,-1.85748684406281,-0.0543052665889263 - 0.184202924370766i,
792,-1.5253849029541,0.00808007735759020 - 0.177808076143265i,
793,-2.45331645011902,-0.103277340531349 - 0.0849396362900734i,
794,-2.73243761062622,-0.136860117316246 - 0.0593462362885475i,
795,-0.774110853672028,0.151957020163536 - 0.148564800620079i,
796,-2.63865995407105,-0.0727641582489014 - 0.0400287695229054i,
797,-2.80617761611938,-0.0965412706136704 - 0.0336529724299908i,
798,-3.12187266349793,-0.129163101315498 - 0.00254741078242660i,
799,-3.1136679649353,-0.130372151732445 - 0.00364155066199601i,
800,2.99195337295532,-0.130195468664169 + 0.0196290723979473i,
801,2.90834474563599,-0.0847299098968506 + 0.0201294459402561i,
802,3.00356793403626,-0.0843122377991676 + 0.0117116430774331i,
803,-3.03468775749207,-0.120764225721359 - 0.0129596842452884i,
804,-2.15944266319275,-0.0996218323707581 - 0.149224564433098i,
805,-1.22565615177155,0.0595795512199402 - 0.165714710950851i,
806,-2.1230001449585,-0.0775792524218559 - 0.125911399722099i,
807,-2.18170356750488,-0.0866773948073387 - 0.123777121305466i,
808,-2.22563910484314,-0.0809721350669861 - 0.105449736118317i,
809,-2.02170515060425,-0.0749761313199997 - 0.154852956533432i,
810,-2.56660985946655,-0.121638298034668 - 0.0788241624832153i,
811,-3.13682818412781,-0.124418489634991 - 0.000592784374020994i,
812,-2.83146834373474,-0.129797369241714 - 0.0415954515337944i,
813,-2.81670427322388,-0.119458585977554 - 0.0402364507317543i,
814,-3.03703236579895,-0.107808783650398 - 0.0113137820735574i,
815,3.06456208229065,-0.137866780161858 + 0.0106410086154938i,
816,-3.05347037315369,-0.0790511667728424 - 0.00698426179587841i,
817,-3.10831022262573,-0.113647453486919 - 0.00378387258388102i,
818,2.37649083137512,-0.0634910091757774 + 0.0609646774828434i,
819,2.30211091041565,-0.0515403822064400 + 0.0574402026832104i,
820,2.10780668258667,-0.0469786003232002 + 0.0789061561226845i,
821,2.93281197547913,-0.0975189805030823 + 0.0206611547619104i,
822,-2.68347144126892,-0.103420637547970 - 0.0509978570044041i,
823,-1.99325561523438,-0.0595299154520035 - 0.132428333163261i,
824,-2.01862621307373,-0.0746632665395737 - 0.155425027012825i,
825,-1.76950931549072,-0.0452498346567154 - 0.224709287285805i,
826,-1.94185340404511,-0.0795054957270622 - 0.204342409968376i,
827,-2.59912443161011,-0.106604665517807 - 0.0642601922154427i,
828,2.52252268791199,-0.0833375528454781 + 0.0593784973025322i,
829,-0.774110853672028,0.151957020163536 - 0.148564800620079i,
830,2.07877063751221,-0.0502416379749775 + 0.0902486443519592i,
831,1.98072648048401,-0.0479327104985714 + 0.110304690897465i,
832,2.442946434021,-0.0886777266860008 + 0.0744872465729713i,
833,1.71392476558685,-0.0272779725492001 + 0.189280569553375i,
834,1.97196090221405,-0.0605019852519035 + 0.142637312412262i,
835,1.85356175899506,-0.0410648696124554 + 0.141334533691406i,
836,1.60762357711792,-0.00699395360425115 + 0.189826473593712i,
837,2.0284743309021,-0.0626732185482979 + 0.127239763736725i,
838,2.23461771011353,-0.0406707897782326 + 0.0519923157989979i,
839,1.97790706157684,-0.0300054438412190 + 0.0695858448743820i,
840,-2.98767495155334,-0.0860361680388451 - 0.0133480681106448i,
841,2.96956896781921,-0.224127382040024 + 0.0389400608837605i,
842,-2.98891043663025,-0.202670440077782 - 0.0311869047582150i,
843,-3.07873606681824,-0.193902373313904 - 0.0122041329741478i,
844,-2.59568881988525,-0.185307651758194 - 0.112571313977242i,
845,3.07143497467041,-0.175766095519066 + 0.0123516134917736i,
846,2.7711775302887,-0.163472756743431 + 0.0634831339120865i,
847,2.55961775779724,-0.134319439530373 + 0.0883814916014671i,
848,2.18884420394897,-0.0875138491392136 + 0.123091466724873i,
849,2.48653292655945,-0.0831394419074059 + 0.0638693124055862i,
850,2.30491900444031,-0.0728520005941391 + 0.0807341188192368i,
851,2.5772066116333,-0.115002527832985 + 0.0728053897619247i,
852,2.54505443572998,-0.159324377775192 + 0.108191922307014i,
853,2.33988690376282,-0.140806287527084 + 0.145475283265114i,
854,2.11504745483398,-0.0783267021179199 + 0.129417926073074i,
855,2.36922073364258,-0.142976745963097 + 0.139299541711807i,
856,2.70855665206909,-0.196349814534187 + 0.0907726809382439i,
857,-2.47212910652161,-0.0945524051785469 - 0.0748270079493523i,
858,-2.61797785758972,-0.113645285367966 - 0.0656155720353127i,
859,-2.35211515426636,-0.0812902823090553 - 0.0819562077522278i,
860,-1.76149368286133,-0.0301394201815128 - 0.156127929687500i,
861,-0.936338305473328,0.106869712471962 - 0.145210310816765i,
862,-2.11009335517883,-0.0761812105774880 - 0.127292320132256i,
863,-2.23806381225586,-0.0618449077010155 - 0.0785017088055611i,
864,-1.78828883171082,-0.0116236340254545 - 0.0525984764099121i,
865,-2.95423603057861,-0.164645522832870 - 0.0312134902924299i,
866,-2.62933254241943,-0.235480651259422 - 0.132417812943459i,
867,-2.72780823707581,-0.167544573545456 - 0.0735751837491989i,
868,-3.05497145652771,-0.162518054246902 - 0.0141128087416291i,
869,2.9910523891449,-0.149241581559181 + 0.0226381532847881i,
870,-3.06478118896484,-0.150405347347260 - 0.0115756206214428i,
871,2.97636318206787,-0.101322017610073 + 0.0168954133987427i,
872,-3.02616763114929,-0.135817587375641 - 0.0157467313110828i,
873,-2.41532444953918,-0.124432161450386 - 0.110523045063019i,
874,-3.11946225166321,-0.150300472974777 - 0.00332676619291306i,
875,2.80427145957947,-0.138683110475540 + 0.0486397482454777i,
876,-0.774110853672028,0.151957020163536 - 0.148564800620079i,
877,2.60164356231689,-0.110489726066589 + 0.0662231743335724i,
878,2.87381029129028,-0.137611284852028 + 0.0377566814422607i,
879,-3.10131359100342,-0.148635551333427 - 0.00599012523889542i,
880,-3.00502705574036,-0.175314679741859 - 0.0240919105708599i,
881,-1.26787638664246,0.0494094751775265 - 0.158090889453888i,
882,-0.772294104099274,0.0711597576737404 - 0.0693188086152077i,
883,-0.320681065320969,0.192833214998245 - 0.0640486776828766i,
884,-0.405128747224808,0.206892102956772 - 0.0887260809540749i,
885,-1.28249192237854,0.0482732169330120 - 0.162773355841637i,
886,-1.58899855613709,-0.00375315849669278 - 0.206169456243515i,
887,-2.04846954345703,-0.0941419154405594 - 0.181861534714699i,
888,-1.99219691753387,-0.101270206272602 - 0.225921735167503i,
889,3.00756454467773,-0.140804216265678 + 0.0189855359494686i,
890,-2.99407696723938,-0.154336079955101 - 0.0229335781186819i,
891,-2.82305693626404,-0.132280990481377 - 0.0436216443777084i,
892,-2.92310476303101,-0.110747948288918 - 0.0245896186679602i,
893,-2.88755702972412,-0.0939047932624817 - 0.0243819244205952i,
894,-2.16601490974426,-0.0707820802927017 - 0.104530908167362i,
895,-1.60868060588837,-0.00664761196821928 - 0.175387412309647i,
896,-1.35005104541779,0.0581026822328568 - 0.258922159671783i,
897,0.592375159263611,0.0808754861354828 + 0.0544292852282524i,
898,0.762489438056946,0.0643934011459351 + 0.0615086443722248i,
899,0.66360330581665,0.0356737039983273 + 0.0278930850327015i,
900,2.07785940170288,-0.0568539649248123 + 0.102345712482929i,
901,2.82862401008606,-0.110308781266212 + 0.0356963537633419i,
902,-2.59369158744812,-0.111774675548077 - 0.0682072415947914i,
903,-1.89916336536407,-0.0597445070743561 - 0.175357386469841i,
904,-1.21870899200439,0.113974116742611 - 0.310221672058105i,
905,0.332704305648804,0.0776124894618988 + 0.0268189385533333i,
906,0.343159109354019,0.0932080894708633 + 0.0333028100430965i,
907,0.515035152435303,0.0848841816186905 + 0.0480434298515320i,
908,0.588027238845825,0.0872505530714989 + 0.0581701435148716i,
909,0.711784362792969,0.0683296099305153 + 0.0589435845613480i,
910,0.923926472663879,0.0680030733346939 + 0.0900372639298439i,
911,0.941722869873047,0.0421044006943703 + 0.0578598305583000i,
912,0.794923067092896,0.0420036092400551 + 0.0428114868700504i,
913,-2.78600692749023,-0.0816912055015564 - 0.0303377900272608i,
914,2.79094767570496,-0.138055488467217 + 0.0504951328039169i,
915,2.53730154037476,-0.0972466468811035 + 0.0671444237232208i,
916,0.907293319702148,0.0441505424678326 + 0.0564777590334415i,
917,0.979052484035492,0.0406213030219078 + 0.0604407936334610i,
918,0.739790499210358,0.0576970465481281 + 0.0526604093611240i,
919,1.27004742622375,0.0317207314074039 + 0.102273136377335i,
920,1.06125521659851,0.0616897195577621 + 0.110405400395393i,
921,0.785649955272675,0.0882780849933624 + 0.0883225500583649i,
922,0.958531558513641,0.0483075156807900 + 0.0687851905822754i,
923,0.437289327383041,0.0612721927464008 + 0.0286431144922972i,
924,0.946658968925476,0.0407680608332157 + 0.0566086582839489i,
925,1.28749322891235,0.0173708647489548 + 0.0596662163734436i,
926,2.71831035614014,-0.117998398840427 + 0.0531600564718246i,
927,2.8136305809021,-0.116095818579197 + 0.0395015366375446i,
928,3.0072546005249,-0.0823980122804642 + 0.0111362524330616i,
929,-0.235287234187126,0.0780065655708313 - 0.0187003128230572i,
930,-0.929955363273621,0.0418286919593811 - 0.0560817793011665i,
931,-0.832620322704315,0.0677828565239906 - 0.0745070949196816i,
932,-0.324962377548218,0.0832797735929489 - 0.0280574448406696i,
933,0.832457542419434,0.0283950828015804 + 0.0312017425894737i,
934,-0.697697162628174,0.0457434058189392 - 0.0383494161069393i,
935,-0.279405564069748,0.0591110847890377 - 0.0169596113264561i,
936,0.59639436006546,0.0758703723549843 + 0.0515051037073135i,
937,2.54143762588501,-0.0716744288802147 + 0.0490514412522316i,
938,2.94827508926392,-0.110561594367027 + 0.0216437838971615i,
939,3.02043962478638,-0.187223806977272 + 0.0227943770587444i,
940,2.78899574279785,-0.105499505996704 + 0.0388211049139500i,
941,1.10346245765686,0.0285267867147923 + 0.0565316416323185i,
942,0.64729779958725,0.0477805137634277 + 0.0361196473240852i,
943,0.576398849487305,0.0555845834314823 + 0.0361318513751030i,
944,0.404497176408768,0.0796717256307602 + 0.0341078154742718i,
945,1.08040940761566,0.0312067493796349 + 0.0584521666169167i,
946,1.04304301738739,0.0300623457878828 + 0.0515735000371933i,
947,1.37836086750031,0.0155280511826277 + 0.0796937569975853i,
948,2.95633101463318,-0.170598641037941 + 0.0319719873368740i,
949,-2.68594932556152,-0.173260450363159 - 0.0849035382270813i,
950,-2.56383323669434,-0.139884263277054 - 0.0912004485726357i,
951,-2.67061161994934,-0.141588777303696 - 0.0720971226692200i,
952,-2.07404327392578,-0.0993296951055527 - 0.180426821112633i,
953,-1.73831260204315,-0.0322949327528477 - 0.190980091691017i,
954,-1.09770464897156,0.143160462379456 - 0.279685944318771i,
955,-1.35716128349304,0.0438797771930695 - 0.202261626720428i,
956,-2.64389872550964,-0.143959105014801 - 0.0782147124409676i,
957,-1.50458192825317,0.00807199906557798 - 0.121728807687759i,
958,-2.30131530761719,-0.129015967249870 - 0.144014775753021i,
959,-2.44388389587402,-0.119313471019268 - 0.100029937922955i,
960,1.66868185997009,-0.00820220448076725 + 0.0835260301828384i,
961,-0.489765346050262,0.0514726676046848 - 0.0274393986910582i,
962,-0.175806179642677,0.0913767814636231 - 0.0162321832031012i,
963,0.2253797352314,0.111750409007072 + 0.0256215780973434i,
964,0.572096347808838,0.0573627725243568 + 0.0369376167654991i,
965,0.718339502811432,0.0585611611604691 + 0.0511903204023838i,
966,1.36630702018738,0.0209230612963438 + 0.100888416171074i,
967,2.75427341461182,-0.0924516841769218 + 0.0377133265137672i,
968,3.12835645675659,-0.195409148931503 + 0.00258661410771310i,
969,2.41974830627441,-0.0743563175201416 + 0.0654585734009743i,
970,2.90240240097046,-0.166398659348488 + 0.0405777469277382i,
971,1.98316705226898,-0.0343756191432476 + 0.0785813257098198i,
972,1.16913938522339,0.0483746640384197 + 0.113890357315540i,
973,0.637363433837891,0.0875521972775459 + 0.0648283511400223i,
974,0.397762537002564,0.109181977808476 + 0.0458737127482891i,
975,0.267807692289352,0.117825753986835 + 0.0323313102126122i,
976,-0.177391946315765,0.0842773988842964 - 0.0151089476421475i,
977,2.7503354549408,-0.123811021447182 + 0.0510751642286778i,
978,2.45580267906189,-0.0995232686400414 + 0.0814381912350655i,
979,2.3355770111084,-0.0683405622839928 + 0.0712183192372322i,
980,1.48876619338989,0.00941671151667833 + 0.114538162946701i,
981,0.414427578449249,0.0778279080986977 + 0.0342369116842747i,
982,0.271891355514526,0.0438078492879868 + 0.0122134275734425i,
983,1.15362429618835,0.0193568356335163 + 0.0436766557395458i,
984,1.29680061340332,0.0136736799031496 + 0.0486495755612850i,
985,2.04855227470398,-0.0566249452531338 + 0.109364829957485i,
986,2.77979421615601,-0.125042766332626 + 0.0473233871161938i,
987,2.89899206161499,-0.125199213624001 + 0.0309836436063051i,
988,2.58757495880127,-0.0790265426039696 + 0.0488895364105701i,
989,2.78133606910706,-0.110706686973572 + 0.0417027398943901i,
990,-3.12491273880005,-0.204200670123100 - 0.00340636936016381i,
991,-3.00562214851379,-0.135819390416145 - 0.0185820739716291i,
992,3.1229989528656,-0.0957926958799362 + 0.00178133975714445i,
993,-0.759091317653656,0.145190209150314 - 0.137745350599289i,
994,-0.829402208328247,0.135367989540100 - 0.147838249802589i,
995,-1.63418352603912,-0.0131270661950111 - 0.206815615296364i,
996,-0.716536998748779,0.233888626098633 - 0.203707516193390i,
997,-2.33941674232483,-0.0583173260092735 - 0.0603077821433544i,
998,2.37754559516907,-0.0433951094746590 + 0.0415805093944073i,
999,0.659458935260773,0.0306552313268185 + 0.0237651094794273i,
1000,1.20835745334625,0.0326534695923328 + 0.0861137807369232i,
1001,2.39705443382263,-0.107180483639240 + 0.0987610295414925i,
1002,2.14238166809082,-0.0702160298824310 + 0.109165422618389i,
1003,1.59442949295044,-0.00282128155231476 + 0.119355835020542i,
1004,0.82661098241806,0.0512256436049938 + 0.0556320436298847i,
1005,1.25796115398407,0.0192016381770372 + 0.0593639016151428i,
1006,1.56377947330475,0.000744848279282451 + 0.106149062514305i,
1007,-2.01134729385376,-0.0507815107703209 - 0.107712537050247i,
1008,-0.947420477867127,0.139847487211227 - 0.194497957825661i,
1009,1.37727749347687,0.0181906763464212 + 0.0928231701254845i,
1010,1.33402264118195,0.0216241590678692 + 0.0896153151988983i,
1011,1.45682597160339,0.00698870001360774 + 0.0610546059906483i,
1012,2.78693294525147,-0.109919413924217 + 0.0407051444053650i,
1013,2.0914511680603,-0.0615837313234806 + 0.107395097613335i,
1014,1.90961182117462,-0.0365068465471268 + 0.103593505918980i,
1015,2.22370481491089,-0.0397854223847389 + 0.0520204268395901i,
1016,2.46761107444763,-0.0961985290050507 + 0.0768390968441963i,
1017,-1.68868374824524,-0.0163327846676111 - 0.137903228402138i,
1018,2.79886436462402,-0.0200614556670189 + 0.00715811597183347i,
1019,1.02007758617401,0.0282746441662312 + 0.0460428223013878i,
1020,1.27034711837769,0.0219226963818073 + 0.0707575082778931i,
1021,1.13165998458862,0.0503205768764019 + 0.107127532362938i,
1022,1.71094310283661,-0.0117533216252923 + 0.0833145827054977i,
1023,1.82599544525146,-0.0235967431217432 + 0.0904479771852493i,
1024,1.78208148479462,-0.0176103077828884 + 0.0821045190095902i,